,cards,games,goals,name,points,position,team,value
0,3.0,34.0,36.0,Messi,428.0,Forward,Barcelona,"22,790,000"
1,0.0,0.0,0.0,Eden Hazard,0.0,Forward,Real Madrid,"16,270,000"
2,5.0,27.0,20.0,Iago Aspas,246.0,Forward,Celta,"14,610,000"
3,5.0,33.0,21.0,Luis Suárez,262.0,Forward,Barcelona,"11,740,000"
4,6.0,36.0,9.0,Parejo,255.0,Midfielder,Valencia,"11,420,000"
5,5.0,37.0,15.0,Griezmann,244.0,Forward,Barcelona,"11,150,000"
6,1.0,36.0,21.0,Benzema,263.0,Forward,Real Madrid,"10,710,000"
7,5.0,37.0,17.0,Borja Iglesias,239.0,Forward,Espanyol,"9,660,000"
8,7.0,37.0,12.0,Morales,221.0,Midfielder,Levante,"9,560,000"
9,0.0,0.0,0.0,Luka Jović,0.0,Forward,Real Madrid,"8,500,000"
10,6.0,35.0,4.0,Piqué,227.0,Defender,Barcelona,"8,360,000"
11,4.0,35.0,18.0,Ben Yedder,246.0,Forward,Sevilla,"8,320,000"
12,2.0,37.0,13.0,Oyarzabal,210.0,Forward,Real Sociedad,"8,310,000"
13,2.0,25.0,5.0,Guedes,144.0,Midfielder,Valencia,"7,950,000"
14,5.0,33.0,8.0,Rodrigo,188.0,Forward,Valencia,"7,850,000"
15,3.0,38.0,13.0,Williams,209.0,Forward,Athletic,"7,540,000"
16,0.0,18.0,2.0,Vinícius,87.0,Forward,Real Madrid,"7,340,000"
17,0.0,0.0,0.0,Frenkie de Jong,0.0,Midfielder,Barcelona,"7,060,000"
18,6.0,36.0,2.0,Jordi Alba,200.0,Defender,Barcelona,"6,880,000"
19,2.0,35.0,4.0,Cazorla,215.0,Midfielder,Villarreal,"6,860,000"
20,7.0,32.0,7.0,Canales,214.0,Midfielder,Betis,"6,630,000"
21,2.0,38.0,14.0,Jorge Molina,244.0,Forward,Getafe,"6,560,000"
22,0.0,37.0,0.0,Oblak,196.0,Goalkeeper,Atlético,"6,480,000"
23,10.0,34.0,14.0,Jaime Mata,209.0,Forward,Getafe,"6,440,000"
24,5.0,15.0,6.0,Morata,87.0,Forward,Atlético,"6,390,000"
25,8.0,32.0,1.0,Jesús Navas,193.0,Defender,Sevilla,"6,390,000"
26,6.0,35.0,13.0,Maxi Gómez,195.0,Forward,Valencia,"6,390,000"
27,5.0,32.0,9.0,Lo Celso,184.0,Midfielder,Betis,"6,330,000"
28,0.0,0.0,0.0,João Félix,0.0,Forward,Atlético,"6,300,000"
29,6.0,34.0,3.0,Modric,163.0,Midfielder,Real Madrid,"5,930,000"
30,7.0,32.0,3.0,Hermoso,178.0,Defender,Atlético,"5,620,000"
31,7.0,34.0,3.0,Rakitic,195.0,Midfielder,Barcelona,"5,530,000"
32,3.0,34.0,9.0,Portu,166.0,Forward,Real Sociedad,"5,200,000"
33,2.0,26.0,5.0,Chukwueze,138.0,Midfielder,Villarreal,"5,080,000"
34,4.0,19.0,5.0,Enric Gallego,106.0,Forward,Getafe,"5,040,000"
35,6.0,31.0,11.0,Willian José,165.0,Forward,Real Sociedad,"5,000,000"
36,7.0,28.0,6.0,Sergio Ramos,151.0,Defender,Real Madrid,"4,960,000"
37,13.0,33.0,9.0,Raúl García,178.0,Midfielder,Athletic,"4,790,000"
38,10.0,30.0,3.0,Koke,166.0,Midfielder,Atlético,"4,720,000"
39,0.0,35.0,0.0,Ter Stegen,167.0,Goalkeeper,Barcelona,"4,720,000"
40,12.0,34.0,10.0,Ezequiel Ávila,179.0,Forward,Osasuna,"4,670,000"
41,10.0,36.0,4.0,Jordan,201.0,Midfielder,Sevilla,"4,620,000"
42,10.0,35.0,1.0,Gayà,169.0,Defender,Valencia,"4,540,000"
43,,,,James Rodríguez,,Midfielder,Real Madrid,"4,220,000"
44,12.0,36.0,4.0,Campaña,194.0,Midfielder,Levante,"4,200,000"
45,7.0,34.0,7.0,Muniain,162.0,Midfielder,Athletic,"4,120,000"
46,2.0,27.0,0.0,Courtois,114.0,Goalkeeper,Real Madrid,"4,110,000"
47,10.0,24.0,1.0,Carvajal,127.0,Defender,Real Madrid,"4,020,000"
48,1.0,29.0,8.0,Dembélé,179.0,Forward,Barcelona,"3,990,000"
49,0.0,0.0,0.0,Trippier,0.0,Defender,Atlético,"3,860,000"
50,4.0,30.0,7.0,Santi Mina,136.0,Forward,Celta,"3,840,000"
51,4.0,33.0,3.0,Orellana,153.0,Midfielder,Eibar,"3,800,000"
52,8.0,34.0,4.0,Darder,171.0,Midfielder,Espanyol,"3,780,000"
53,3.0,35.0,0.0,Pacheco,173.0,Goalkeeper,Alavés,"3,610,000"
54,2.0,28.0,0.0,Kroos,138.0,Midfielder,Real Madrid,"3,590,000"
55,0.0,37.0,0.0,David Soria,178.0,Goalkeeper,Getafe,"3,580,000"
56,9.0,35.0,1.0,Marc Roca,173.0,Midfielder,Espanyol,"3,570,000"
57,5.0,34.0,10.0,Ekambi,169.0,Forward,Villarreal,"3,520,000"
58,0.0,0.0,0.0,Luuk de Jong,0.0,Forward,Sevilla,"3,520,000"
59,0.0,0.0,0.0,Ferland Mendy,0.0,Defender,Real Madrid,"3,480,000"
60,10.0,35.0,0.0,Busquets,149.0,Midfielder,Barcelona,"3,440,000"
61,3.0,35.0,8.0,Gerard Moreno,157.0,Forward,Villarreal,"3,440,000"
62,9.0,31.0,2.0,Carlos Soler,127.0,Midfielder,Valencia,"3,430,000"
63,10.0,33.0,4.0,Saúl,154.0,Midfielder,Atlético,"3,420,000"
64,7.0,33.0,3.0,Vidal,174.0,Midfielder,Barcelona,"3,360,000"
65,8.0,23.0,1.0,Illarramendi,108.0,Midfielder,Real Sociedad,"3,340,000"
66,12.0,36.0,1.0,Laguardia,170.0,Defender,Alavés,"3,330,000"
67,5.0,21.0,0.0,Giménez,111.0,Defender,Atlético,"3,330,000"
68,1.0,7.0,0.0,Marcos Llorente,27.0,Midfielder,Atlético,"3,300,000"
69,6.0,23.0,2.0,Marcelo,79.0,Defender,Real Madrid,"3,250,000"
70,6.0,31.0,1.0,Cucurella,140.0,Midfielder,Getafe,"3,250,000"
71,1.0,32.0,2.0,Varane,122.0,Defender,Real Madrid,"3,240,000"
72,3.0,32.0,0.0,Melendo,150.0,Midfielder,Espanyol,"3,230,000"
73,9.0,23.0,1.0,Lenglet,115.0,Defender,Barcelona,"3,230,000"
74,12.0,33.0,0.0,Iñigo Martínez,133.0,Defender,Athletic,"3,220,000"
75,0.0,3.0,0.0,Cillessen,8.0,Goalkeeper,Valencia,"3,220,000"
76,3.0,29.0,0.0,Sergi Roberto,123.0,Defender,Barcelona,"3,210,000"
77,13.0,34.0,3.0,Alcaraz,176.0,Midfielder,Valladolid,"3,210,000"
78,4.0,37.0,8.0,Ángel Rodríguez,172.0,Forward,Getafe,"3,210,000"
79,9.0,35.0,1.0,Cote,179.0,Defender,Eibar,"3,200,000"
80,1.0,16.0,3.0,Wu Lei,76.0,Forward,Espanyol,"3,180,000"
81,0.0,0.0,0.0,Dabbur,0.0,Forward,Sevilla,"3,180,000"
82,5.0,31.0,6.0,Brais Méndez,154.0,Midfielder,Celta,"3,170,000"
83,1.0,33.0,6.0,Gameiro,136.0,Forward,Valencia,"3,150,000"
84,7.0,24.0,3.0,Junior Firpo,118.0,Defender,Betis,"3,150,000"
85,11.0,35.0,1.0,Hugo Mallo,154.0,Defender,Celta,"3,130,000"
86,,,,Lucas Pérez,,Forward,Alavés,"3,130,000"
87,0.0,2.0,0.0,Denis Suárez,6.0,Midfielder,Celta,"3,120,000"
88,3.0,30.0,1.0,Asensio,117.0,Forward,Real Madrid,"3,120,000"
89,4.0,35.0,7.0,Sergi Enrich,172.0,Forward,Eibar,"3,110,000"
90,7.0,31.0,9.0,En-Nesyri,161.0,Forward,Leganés,"3,100,000"
91,6.0,36.0,3.0,Bardhi,150.0,Midfielder,Levante,"3,090,000"
92,2.0,34.0,5.0,Coutinho,164.0,Midfielder,Barcelona,"3,080,000"
93,0.0,0.0,0.0,Lucas Ocampos,0.0,Forward,Sevilla,"3,080,000"
94,14.0,34.0,0.0,Djené,145.0,Defender,Getafe,"3,070,000"
95,3.0,27.0,3.0,Isco,100.0,Midfielder,Real Madrid,"3,050,000"
96,1.0,19.0,1.0,Kondogbia,93.0,Midfielder,Valencia,"3,050,000"
97,7.0,29.0,3.0,Casemiro,136.0,Midfielder,Real Madrid,"3,040,000"
98,7.0,36.0,1.0,Calero,166.0,Defender,Valladolid,"3,040,000"
99,1.0,33.0,0.0,Vaclík,128.0,Goalkeeper,Sevilla,"3,030,000"
100,10.0,29.0,3.0,Mikel Merino,129.0,Midfielder,Real Sociedad,"3,020,000"
101,2.0,23.0,6.0,Munir,104.0,Forward,Sevilla,"3,010,000"
102,4.0,31.0,3.0,Lemar,118.0,Midfielder,Atlético,"3,000,000"
103,2.0,27.0,0.0,Arthur,107.0,Midfielder,Barcelona,"2,990,000"
104,0.0,0.0,0.0,Éder Militão,0.0,Defender,Real Madrid,"2,990,000"
105,1.0,38.0,0.0,Diego López,160.0,Goalkeeper,Espanyol,"2,980,000"
106,4.0,24.0,2.0,Garay,114.0,Defender,Valencia,"2,980,000"
107,5.0,34.0,1.0,Siovas,158.0,Defender,Leganés,"2,980,000"
108,4.0,32.0,1.0,Wass,135.0,Defender,Valencia,"2,900,000"
109,13.0,27.0,4.0,Rochina,140.0,Midfielder,Levante,"2,880,000"
110,6.0,30.0,0.0,Gabriel Paulista,134.0,Defender,Valencia,"2,870,000"
111,0.0,0.0,0.0,Héctor Herrera,0.0,Midfielder,Atlético,"2,850,000"
112,18.0,32.0,3.0,Banega,117.0,Midfielder,Sevilla,"2,810,000"
113,1.0,35.0,0.0,Masip,150.0,Goalkeeper,Valladolid,"2,810,000"
114,3.0,33.0,1.0,Bartra,130.0,Defender,Betis,"2,800,000"
115,,,,Roberto Torres,,Midfielder,Osasuna,"2,790,000"
116,4.0,29.0,4.0,Tello,156.0,Midfielder,Betis,"2,790,000"
117,5.0,36.0,1.0,Maksimovic,155.0,Midfielder,Getafe,"2,790,000"
118,,,,Ödegaard,,Midfielder,Real Sociedad,"2,750,000"
119,0.0,0.0,0.0,Lago Junior,0.0,Forward,Mallorca,"2,740,000"
120,11.0,32.0,2.0,Cabrera,153.0,Defender,Getafe,"2,690,000"
121,9.0,34.0,3.0,Franco Vázquez,137.0,Midfielder,Sevilla,"2,670,000"
122,5.0,30.0,5.0,Juanmi,110.0,Forward,Betis,"2,650,000"
123,9.0,32.0,3.0,Thomas,152.0,Midfielder,Atlético,"2,650,000"
124,5.0,30.0,6.0,Joaquín,175.0,Midfielder,Betis,"2,590,000"
125,5.0,16.0,2.0,Diego Costa,39.0,Forward,Atlético,"2,570,000"
126,0.0,32.0,0.0,Asenjo,157.0,Goalkeeper,Villarreal,"2,560,000"
127,12.0,36.0,0.0,Damián Suárez,152.0,Defender,Getafe,"2,550,000"
128,4.0,34.0,14.0,Charles,185.0,Forward,Eibar,"2,500,000"
129,1.0,12.0,1.0,Pedrosa,53.0,Defender,Espanyol,"2,490,000"
130,4.0,31.0,1.0,Rubén Peña,174.0,Defender,Villarreal,"2,440,000"
131,1.0,20.0,1.0,Januzaj,105.0,Midfielder,Real Sociedad,"2,380,000"
132,3.0,14.0,0.0,Reguilón,84.0,Defender,Sevilla,"2,380,000"
133,10.0,35.0,1.0,Mandi,158.0,Defender,Betis,"2,340,000"
134,0.0,0.0,0.0,Felipe Monteiro,0.0,Defender,Atlético,"2,330,000"
135,5.0,31.0,4.0,Óscar Rodríguez,148.0,Midfielder,Leganés,"2,320,000"
136,10.0,35.0,2.0,Yuri,148.0,Defender,Athletic,"2,240,000"
137,10.0,35.0,1.0,Nacho Martínez,166.0,Defender,Valladolid,"2,240,000"
138,7.0,30.0,0.0,William Carvalho,125.0,Midfielder,Betis,"2,240,000"
139,3.0,24.0,0.0,Dmitrovic,106.0,Goalkeeper,Eibar,"2,220,000"
140,0.0,0.0,0.0,Matías Vargas,0.0,Forward,Espanyol,"2,200,000"
141,5.0,34.0,0.0,Cuéllar,148.0,Goalkeeper,Leganés,"2,200,000"
142,0.0,9.0,1.0,Pedro León,26.0,Midfielder,Eibar,"2,190,000"
143,8.0,33.0,1.0,Arambarri,138.0,Midfielder,Getafe,"2,130,000"
144,0.0,0.0,0.0,Ante Budimir,0.0,Forward,Mallorca,"2,120,000"
145,4.0,34.0,1.0,Pere Pons,118.0,Midfielder,Alavés,"2,090,000"
146,,,,Rubén García,,Midfielder,Osasuna,"2,030,000"
147,3.0,27.0,0.0,Rulli,117.0,Goalkeeper,Real Sociedad,"1,990,000"
148,5.0,30.0,1.0,Miramón,143.0,Defender,Levante,"1,990,000"
149,3.0,34.0,3.0,Pedraza,131.0,Defender,Betis,"1,940,000"
150,5.0,26.0,0.0,Coquelin,123.0,Midfielder,Valencia,"1,940,000"
151,0.0,9.0,1.0,Brahim Díaz,38.0,Forward,Real Madrid,"1,900,000"
152,4.0,31.0,13.0,Roger,155.0,Forward,Levante,"1,890,000"
153,9.0,30.0,3.0,Jonathan Silva,150.0,Defender,Leganés,"1,890,000"
154,0.0,0.0,0.0,Rodrygo Goes,0.0,Forward,Real Madrid,"1,890,000"
155,0.0,0.0,0.0,Alexander Isak,0.0,Forward,Real Sociedad,"1,880,000"
156,7.0,19.0,3.0,Iborra,84.0,Midfielder,Villarreal,"1,850,000"
157,0.0,32.0,3.0,Ibai Gómez,131.0,Midfielder,Athletic,"1,850,000"
158,6.0,31.0,1.0,Bernardo,124.0,Defender,Espanyol,"1,850,000"
159,4.0,29.0,8.0,Bale,126.0,Forward,Real Madrid,"1,840,000"
160,14.0,31.0,2.0,Funes Mori,133.0,Defender,Villarreal,"1,840,000"
161,4.0,26.0,1.0,Nelson Semedo,103.0,Defender,Barcelona,"1,830,000"
162,1.0,5.0,0.0,Rafinha,13.0,Midfielder,Barcelona,"1,820,000"
163,10.0,30.0,0.0,Yeray,120.0,Defender,Athletic,"1,820,000"
164,5.0,21.0,0.0,Diego Llorente,94.0,Defender,Real Sociedad,"1,800,000"
165,9.0,35.0,1.0,Michel Herrero,151.0,Midfielder,Valladolid,"1,790,000"
166,,,,Vadillo,,Midfielder,Granada,"1,700,000"
167,0.0,0.0,0.0,Raúl Albiol,0.0,Defender,Villarreal,"1,690,000"
168,,,,Salva Sevilla,,Midfielder,Mallorca,"1,680,000"
169,6.0,35.0,0.0,Kiko Olivas,136.0,Defender,Valladolid,"1,670,000"
170,6.0,32.0,4.0,Escalante,133.0,Midfielder,Eibar,"1,660,000"
171,4.0,24.0,0.0,Sandro,74.0,Forward,Valladolid,"1,650,000"
172,4.0,14.0,0.0,Umtiti,52.0,Defender,Barcelona,"1,600,000"
173,10.0,28.0,3.0,Granero,133.0,Midfielder,Espanyol,"1,590,000"
174,13.0,28.0,2.0,Tomás Pina,125.0,Midfielder,Alavés,"1,570,000"
175,0.0,20.0,3.0,Sergi Guardiola,82.0,Forward,Valladolid,"1,560,000"
176,5.0,27.0,1.0,Aritz Elustondo,117.0,Defender,Real Sociedad,"1,550,000"
177,0.0,0.0,0.0,Renan Lodi,0.0,Defender,Atlético,"1,530,000"
178,3.0,33.0,6.0,Bacca,118.0,Forward,Villarreal,"1,500,000"
179,7.0,33.0,6.0,Enes Ünal,134.0,Forward,Valladolid,"1,490,000"
180,5.0,23.0,2.0,Maripán,133.0,Defender,Alavés,"1,480,000"
181,8.0,31.0,0.0,Rubén Pérez,127.0,Midfielder,Leganés,"1,460,000"
182,3.0,32.0,3.0,Araujo,141.0,Defender,Celta,"1,450,000"
183,,,,Montoro,,Midfielder,Granada,"1,440,000"
184,0.0,0.0,0.0,Diego Carlos,0.0,Defender,Sevilla,"1,430,000"
185,6.0,19.0,2.0,Vezo,90.0,Defender,Levante,"1,340,000"
186,7.0,26.0,1.0,Zaldua,112.0,Defender,Real Sociedad,"1,300,000"
187,,,,Fran Mérida,,Midfielder,Osasuna,"1,300,000"
188,1.0,31.0,0.0,Lobotka,108.0,Midfielder,Celta,"1,300,000"
189,2.0,25.0,0.0,Rubén Blanco,93.0,Goalkeeper,Celta,"1,290,000"
190,1.0,31.0,0.0,Herrerín,94.0,Goalkeeper,Athletic,"1,290,000"
191,4.0,27.0,4.0,Coke,109.0,Defender,Levante,"1,280,000"
192,3.0,24.0,0.0,Trigueros,80.0,Midfielder,Villarreal,"1,270,000"
193,8.0,31.0,0.0,Guardado,113.0,Midfielder,Betis,"1,270,000"
194,0.0,0.0,0.0,Antonio Puertas,0.0,Midfielder,Granada,"1,270,000"
195,,,,Fede Vico,,Midfielder,Granada,"1,260,000"
196,3.0,33.0,6.0,Loren,126.0,Forward,Betis,"1,260,000"
197,0.0,16.0,0.0,Aitor Fernández,70.0,Goalkeeper,Levante,"1,260,000"
198,0.0,0.0,0.0,Rui Silva,0.0,Goalkeeper,Granada,"1,240,000"
199,,,,Adrián Ramos,,Forward,Granada,"1,230,000"
200,1.0,16.0,0.0,Sergio León,34.0,Forward,Levante,"1,200,000"
201,10.0,24.0,1.0,Carriço,125.0,Defender,Sevilla,"1,190,000"
202,8.0,33.0,3.0,Óscar Plano,140.0,Forward,Valladolid,"1,190,000"
203,0.0,0.0,0.0,Jules Koundé,0.0,Defender,Sevilla,"1,190,000"
204,1.0,29.0,3.0,Mayoral,99.0,Forward,Real Madrid,"1,180,000"
205,0.0,0.0,0.0,Juan Villar,0.0,Forward,Osasuna,"1,170,000"
206,3.0,16.0,1.0,Naldo,86.0,Defender,Espanyol,"1,160,000"
207,7.0,33.0,0.0,Zubeldia,119.0,Midfielder,Real Sociedad,"1,140,000"
208,0.0,0.0,0.0,Dani Rodríguez,0.0,Midfielder,Mallorca,"1,140,000"
209,3.0,23.0,3.0,Ceballos,98.0,Midfielder,Real Madrid,"1,130,000"
210,3.0,22.0,2.0,Melero,75.0,Midfielder,Levante,"1,130,000"
211,3.0,26.0,2.0,Toni Villa,109.0,Midfielder,Valladolid,"1,130,000"
212,0.0,0.0,0.0,Manolo Reina,0.0,Goalkeeper,Mallorca,"1,120,000"
213,10.0,30.0,2.0,Yokuslu,129.0,Midfielder,Celta,"1,110,000"
214,7.0,31.0,2.0,Ximo Navarro,122.0,Defender,Alavés,"1,100,000"
215,0.0,0.0,0.0,Abdón Prats,0.0,Forward,Mallorca,"1,080,000"
216,0.0,20.0,2.0,Inui,72.0,Midfielder,Betis,"1,070,000"
217,8.0,36.0,3.0,Correa,114.0,Forward,Atlético,"1,010,000"
218,,,,Óliver Torres,,Midfielder,Sevilla,"1,010,000"
219,6.0,31.0,1.0,Lucas Vázquez,104.0,Midfielder,Real Madrid,"990,000"
220,0.0,0.0,0.0,Aridai Cabrera,0.0,Midfielder,Mallorca,"990,000"
221,13.0,29.0,0.0,Dani García,108.0,Midfielder,Athletic,"950,000"
222,4.0,25.0,1.0,Santiago Arias,100.0,Defender,Atlético,"950,000"
223,,,,Raíllo,,Defender,Mallorca,"930,000"
224,10.0,30.0,2.0,Jason,113.0,Defender,Valencia,"920,000"
225,0.0,0.0,0.0,Baba,0.0,Midfielder,Mallorca,"910,000"
226,1.0,32.0,0.0,Sergi Gómez,119.0,Defender,Sevilla,"900,000"
227,,,,Nacho Vidal,,Defender,Osasuna,"900,000"
228,,,,Rubén,,Goalkeeper,Osasuna,"890,000"
229,0.0,0.0,0.0,Alex Pozo,0.0,Forward,Sevilla,"890,000"
230,1.0,8.0,1.0,Waldo Rubio,39.0,Forward,Valladolid,"890,000"
231,6.0,30.0,1.0,De Marcos,95.0,Defender,Athletic,"850,000"
232,,,,Oier,,Defender,Osasuna,"830,000"
233,8.0,21.0,0.0,Escudero,71.0,Defender,Sevilla,"830,000"
234,0.0,0.0,0.0,Pablo Chavarria,0.0,Forward,Mallorca,"800,000"
235,11.0,25.0,0.0,Bustinza,108.0,Defender,Leganés,"790,000"
236,2.0,10.0,0.0,Lucas Olaza,41.0,Defender,Celta,"790,000"
237,7.0,21.0,1.0,Feddal,88.0,Defender,Betis,"770,000"
238,2.0,25.0,1.0,Héctor Moreno,99.0,Defender,Real Sociedad,"770,000"
239,0.0,0.0,0.0,Germán Sánchez,0.0,Defender,Granada,"770,000"
240,3.0,24.0,1.0,Rubén Pardo,104.0,Midfielder,Real Sociedad,"760,000"
241,2.0,27.0,2.0,Cheryshev,109.0,Midfielder,Valencia,"750,000"
242,11.0,33.0,0.0,Rubén Duarte,114.0,Defender,Alavés,"750,000"
243,0.0,0.0,0.0,Brandon,0.0,Forward,Osasuna,"750,000"
244,0.0,4.0,0.0,Nolito,8.0,Forward,Sevilla,"730,000"
245,0.0,0.0,0.0,Quique González,0.0,Forward,Eibar,"730,000"
246,3.0,23.0,1.0,Piccini,89.0,Defender,Valencia,"730,000"
247,9.0,25.0,0.0,Capa,82.0,Defender,Athletic,"720,000"
248,0.0,0.0,0.0,Rodri,0.0,Forward,Granada,"710,000"
249,0.0,0.0,0.0,Martin Valjent,0.0,Defender,Mallorca,"700,000"
250,17.0,31.0,1.0,Mario Gaspar,111.0,Defender,Villarreal,"690,000"
251,10.0,31.0,2.0,Roque Mesa,100.0,Midfielder,Sevilla,"690,000"
252,0.0,0.0,0.0,Marc Pedraza,0.0,Midfielder,Mallorca,"690,000"
253,2.0,34.0,0.0,Neto,151.0,Goalkeeper,Barcelona,"680,000"
254,2.0,17.0,2.0,Aleña,72.0,Midfielder,Barcelona,"680,000"
255,,,,Clerc,,Defender,Levante,"670,000"
256,,,,Camarasa,,Midfielder,Betis,"670,000"
257,,,,Víctor Díaz,,Defender,Granada,"660,000"
258,11.0,28.0,1.0,Diop,118.0,Midfielder,Eibar,"660,000"
259,5.0,18.0,0.0,Savic,62.0,Defender,Atlético,"660,000"
260,0.0,0.0,0.0,Hernâni,0.0,Forward,Levante,"660,000"
261,2.0,12.0,0.0,Diego Lainez,40.0,Forward,Betis,"650,000"
262,0.0,0.0,0.0,Gabriel Fernández,0.0,Forward,Celta,"640,000"
263,0.0,0.0,0.0,Jorge De Frutos,0.0,Forward,Valladolid,"640,000"
264,0.0,0.0,0.0,Joan Sastre,0.0,Defender,Mallorca,"640,000"
265,4.0,24.0,1.0,Sidnei,99.0,Defender,Betis,"630,000"
266,8.0,27.0,1.0,Beñat,96.0,Midfielder,Athletic,"620,000"
267,4.0,20.0,2.0,Aduriz,55.0,Forward,Athletic,"620,000"
268,0.0,0.0,0.0,Fernando Reges,0.0,Midfielder,Sevilla,"620,000"
269,6.0,34.0,1.0,Manu García,119.0,Midfielder,Alavés,"610,000"
270,,,,David García Zubiría,,Defender,Osasuna,"610,000"
271,,,,Sergio Rico,,Goalkeeper,Sevilla,"610,000"
272,0.0,0.0,0.0,Estupiñán,0.0,Defender,Osasuna,"610,000"
273,0.0,0.0,0.0,Fede San Emeterio,0.0,Midfielder,Valladolid,"610,000"
274,2.0,13.0,3.0,Mariano,48.0,Forward,Real Madrid,"590,000"
275,4.0,20.0,1.0,Boudebouz,73.0,Midfielder,Betis,"590,000"
276,4.0,32.0,1.0,Portillo,101.0,Midfielder,Getafe,"580,000"
277,1.0,17.0,3.0,Marc Cardona,61.0,Forward,Osasuna,"570,000"
278,,,,Vrsaljko,,Defender,Atlético,"560,000"
279,1.0,20.0,0.0,Vitolo,69.0,Midfielder,Atlético,"550,000"
280,0.0,0.0,0.0,Kike Barja,0.0,Forward,Osasuna,"550,000"
281,0.0,0.0,0.0,Alberto Moreno,0.0,Defender,Villarreal,"550,000"
282,,,,Juan Muñoz,,Forward,Leganés,"540,000"
283,,,,Unai García,,Defender,Osasuna,"530,000"
284,0.0,5.0,0.0,Joel Robles,23.0,Goalkeeper,Betis,"530,000"
285,1.0,10.0,0.0,Keylor Navas,49.0,Goalkeeper,Real Madrid,"520,000"
286,,,,Soldado,,Forward,Granada,"510,000"
287,5.0,26.0,0.0,Kjaer,105.0,Defender,Sevilla,"510,000"
288,0.0,0.0,0.0,Álex López,0.0,Forward,Mallorca,"510,000"
289,5.0,27.0,0.0,Martín Aguirregabiria,79.0,Defender,Alavés,"500,000"
290,5.0,23.0,0.0,Javi López,85.0,Defender,Espanyol,"480,000"
291,2.0,14.0,0.0,Odriozola,60.0,Defender,Real Madrid,"480,000"
292,,,,Xisco,,Forward,Osasuna,"480,000"
293,,,,Joselu,,Forward,Alavés,"470,000"
294,8.0,20.0,0.0,Nacho,67.0,Defender,Real Madrid,"460,000"
295,0.0,9.0,1.0,Barrenetxea,37.0,Midfielder,Real Sociedad,"460,000"
296,0.0,0.0,0.0,Ramón Mierez,0.0,Forward,Alavés,"460,000"
297,0.0,0.0,0.0,Jeando Fuchs,0.0,Midfielder,Alavés,"460,000"
298,5.0,21.0,0.0,David López,93.0,Defender,Espanyol,"450,000"
299,0.0,12.0,2.0,Leo Suárez,46.0,Midfielder,Villarreal,"450,000"
300,5.0,24.0,2.0,Ferrán Torres,90.0,Midfielder,Valencia,"450,000"
301,0.0,0.0,0.0,Álvaro Tejero,0.0,Defender,Eibar,"450,000"
302,0.0,0.0,0.0,Iñigo Pérez,0.0,Midfielder,Osasuna,"450,000"
303,0.0,9.0,0.0,Álex Alegría,19.0,Forward,Mallorca,"440,000"
304,,,,Azeez,,Midfielder,Granada,"420,000"
305,0.0,0.0,0.0,Aridane Hernández,0.0,Defender,Osasuna,"420,000"
306,,,,Álex Martínez,,Defender,Granada,"410,000"
307,3.0,30.0,1.0,Fran Beltrán,93.0,Midfielder,Celta,"410,000"
308,0.0,0.0,0.0,Stoichkov,0.0,Midfielder,Mallorca,"410,000"
309,2.0,6.0,0.0,Andrés Fernández,31.0,Goalkeeper,Villarreal,"400,000"
310,,,,Quini,,Defender,Granada,"400,000"
311,4.0,21.0,0.0,Ramis,87.0,Defender,Eibar,"390,000"
312,4.0,16.0,0.0,Fede Valverde,54.0,Midfielder,Real Madrid,"390,000"
313,11.0,27.0,0.0,Dídac Vilà,106.0,Defender,Espanyol,"390,000"
314,3.0,36.0,2.0,Moi Gómez,149.0,Midfielder,Villarreal,"380,000"
315,0.0,0.0,0.0,Pablo Valcarce,0.0,Midfielder,Mallorca,"380,000"
316,5.0,28.0,1.0,Antunes,126.0,Defender,Getafe,"370,000"
317,0.0,15.0,1.0,Malcom,50.0,Forward,Barcelona,"370,000"
318,0.0,11.0,0.0,Aihen Muñoz,42.0,Defender,Real Sociedad,"360,000"
319,1.0,19.0,0.0,Sergio Álvarez Díaz,64.0,Midfielder,Eibar,"350,000"
320,4.0,12.0,0.0,Unai Núñez,54.0,Defender,Athletic,"340,000"
321,0.0,0.0,0.0,Fran Gámez,0.0,Defender,Mallorca,"340,000"
322,0.0,0.0,0.0,Joseph Aidoo,0.0,Defender,Celta,"340,000"
323,2.0,21.0,2.0,Zurutuza,87.0,Midfielder,Real Sociedad,"330,000"
324,6.0,21.0,1.0,Jaume Costa,76.0,Defender,Villarreal,"330,000"
325,0.0,0.0,0.0,Remiro,0.0,Goalkeeper,Real Sociedad,"330,000"
326,0.0,0.0,0.0,Yan Brice,0.0,Midfielder,Granada,"330,000"
327,1.0,3.0,0.0,Kang-in Lee,4.0,Midfielder,Valencia,"330,000"
328,1.0,7.0,0.0,Xavier Quintilla,28.0,Defender,Villarreal,"320,000"
329,0.0,1.0,0.0,Szymanowski,1.0,Midfielder,Leganés,"320,000"
330,,,,Edu Expósito,,Midfielder,Eibar,"320,000"
331,0.0,0.0,0.0,Aitor Ruibal,0.0,Forward,Leganés,"310,000"
332,9.0,29.0,1.0,Wakaso,104.0,Midfielder,Alavés,"300,000"
333,0.0,0.0,0.0,Ivan Saponjic,0.0,Forward,Atlético,"300,000"
334,9.0,18.0,0.0,Recio,60.0,Midfielder,Leganés,"290,000"
337,5.0,25.0,1.0,Arbilla,104.0,Defender,Eibar,"290,000"
338,0.0,25.0,2.0,Pione Sisto,81.0,Midfielder,Celta,"290,000"
339,0.0,0.0,0.0,Luis Rioja,0.0,Forward,Alavés,"290,000"
340,0.0,0.0,0.0,Xisco Campos,0.0,Defender,Mallorca,"290,000"
341,0.0,0.0,0.0,Fede Varela,0.0,Midfielder,Leganés,"290,000"
342,1.0,7.0,0.0,Robert Ibáñez,12.0,Midfielder,Getafe,"280,000"
343,0.0,0.0,0.0,Neyder Lozano,0.0,Defender,Granada,"280,000"
344,,,,Carlos Fernández,,Forward,Sevilla,"270,000"
345,4.0,21.0,1.0,Toño García,84.0,Defender,Levante,"270,000"
346,0.0,0.0,0.0,Aleix Febas,0.0,Midfielder,Mallorca,"270,000"
347,3.0,11.0,0.0,Aleix Vidal,38.0,Defender,Sevilla,"260,000"
348,0.0,0.0,0.0,Jorge Sáenz,0.0,Defender,Celta,"260,000"
349,,,,Beauvue,,Forward,Celta,"250,000"
350,,,,Lillo,,Defender,Osasuna,"250,000"
351,0.0,0.0,0.0,Domingos Duarte,0.0,Defender,Granada,"250,000"
352,9.0,22.0,2.0,Diakhaby,81.0,Defender,Valencia,"250,000"
353,0.0,0.0,0.0,Esteban Burgos,0.0,Defender,Eibar,"250,000"
354,8.0,21.0,3.0,Medrán,82.0,Midfielder,Valencia,"240,000"
355,,,,Rober Correa,,Defender,Eibar,"240,000"
356,,,,Sadiku,,Forward,Levante,"240,000"
357,0.0,0.0,0.0,Jack Harper,0.0,Forward,Getafe,"240,000"
358,0.0,0.0,0.0,Sergio Herrera,0.0,Goalkeeper,Osasuna,"240,000"
359,4.0,16.0,0.0,Raúl Navas,68.0,Defender,Real Sociedad,"230,000"
360,7.0,23.0,0.0,Bruno González,77.0,Defender,Getafe,"220,000"
361,,,,Señé,,Midfielder,Mallorca,"220,000"
362,4.0,15.0,1.0,Amath,53.0,Forward,Getafe,"220,000"
363,0.0,0.0,0.0,Owusu,0.0,Forward,Leganés,"210,000"
364,0.0,0.0,0.0,Álvaro Aguado,0.0,Midfielder,Valladolid,"210,000"
365,3.0,24.0,3.0,Sobrino,87.0,Forward,Valencia,"220,000"
367,0.0,0.0,0.0,Manu Vallejo,0.0,Forward,Valencia,"220,000"
368,3.0,26.0,1.0,Vesga,83.0,Midfielder,Athletic,"210,000"
371,1.0,3.0,0.0,Iturraspe,3.0,Midfielder,Espanyol,"200,000"
372,10.0,22.0,0.0,Víctor Ruiz,73.0,Defender,Villarreal,"200,000"
373,0.0,0.0,0.0,Saúl García,0.0,Defender,Alavés,"200,000"
374,0.0,1.0,0.0,Chris Ramos,2.0,Forward,Valladolid,"200,000"
375,0.0,0.0,0.0,Sergio Peña,0.0,Midfielder,Granada,"200,000"
376,1.0,11.0,0.0,Moyà,37.0,Goalkeeper,Real Sociedad,"190,000"
377,0.0,30.0,3.0,Kike García,73.0,Forward,Eibar,"190,000"
378,,,,Akram Afif,,Forward,Villarreal,"190,000"
379,3.0,27.0,0.0,Moyano,81.0,Defender,Valladolid,"190,000"
386,0.0,11.0,1.0,Bryan Gil,35.0,Forward,Sevilla,"190,000"
387,0.0,0.0,0.0,Roberto Olabe,0.0,Midfielder,Eibar,"190,000"
389,0.0,4.0,0.0,Jaume Doménech,24.0,Goalkeeper,Valencia,"180,000"
390,5.0,24.0,0.0,Brasanac,72.0,Midfielder,Betis,"180,000"
391,,,,Nano Mesa,,Forward,Eibar,"180,000"
392,2.0,5.0,1.0,Vallejo,14.0,Defender,Real Madrid,"180,000"
393,6.0,14.0,0.0,Mathías Olivera,42.0,Defender,Getafe,"180,000"
394,12.0,21.0,2.0,Cabaco,60.0,Defender,Levante,"180,000"
395,5.0,30.0,2.0,Antoñito,92.0,Defender,Valladolid,"180,000"
396,3.0,18.0,0.0,Rodrigo Tarín,78.0,Defender,Leganés,"180,000"
397,2.0,7.0,0.0,Unai Simón,27.0,Goalkeeper,Athletic,"180,000"
398,2.0,9.0,1.0,Facundo Ferreyra,23.0,Forward,Espanyol,"180,000"
399,7.0,33.0,0.0,San José,82.0,Midfielder,Athletic,"170,000"
400,2.0,22.0,2.0,Guidetti,57.0,Forward,Alavés,"170,000"
401,4.0,28.0,0.0,Oliveira,87.0,Defender,Eibar,"170,000"
402,4.0,24.0,2.0,De Blasis,76.0,Forward,Eibar,"170,000"
403,0.0,5.0,0.0,Lunin,23.0,Goalkeeper,Real Madrid,"170,000"
404,10.0,23.0,0.0,Cáseres,70.0,Midfielder,Villarreal,"170,000"
405,0.0,0.0,0.0,Pau Torres,0.0,Defender,Villarreal,"170,000"
406,0.0,0.0,0.0,Tachi,0.0,Defender,Alavés,"170,000"
407,9.0,24.0,0.0,Víctor Sánchez,68.0,Midfielder,Espanyol,"160,000"
408,1.0,19.0,1.0,Hernán Pérez,65.0,Midfielder,Espanyol,"160,000"
409,,,,Salva Ruiz,,Defender,Valencia,"160,000"
410,1.0,6.0,0.0,Emerson,14.0,Defender,Betis,"160,000"
411,0.0,0.0,0.0,Bernardo Cruz,0.0,Defender,Granada,"160,000"
412,0.0,0.0,0.0,Aleksandar Sedlar,0.0,Defender,Mallorca,"160,000"
413,4.0,14.0,0.0,Barragán,38.0,Defender,Betis,"150,000"
414,0.0,0.0,0.0,Aarón Escandell,0.0,Goalkeeper,Granada,"150,000"
415,,,,Barbosa,,Goalkeeper,Villarreal,"150,000"
416,,,,Bruno,,Midfielder,Villarreal,"150,000"
417,0.0,3.0,0.0,Yoel,1.0,Goalkeeper,Eibar,"150,000"
418,,,,Lucas Silva,,Midfielder,Real Madrid,"150,000"
419,1.0,6.0,0.0,Hervías,19.0,Midfielder,Valladolid,"150,000"
420,4.0,15.0,0.0,David Costas,57.0,Defender,Celta,"150,000"
421,2.0,15.0,0.0,Raúl García Carnero,53.0,Defender,Getafe,"150,000"
422,0.0,20.0,1.0,Piatti,66.0,Midfielder,Espanyol,"150,000"
423,0.0,11.0,1.0,Kodro,20.0,Forward,Athletic,"150,000"
424,0.0,11.0,0.0,Balenziaga,26.0,Defender,Athletic,"150,000"
425,0.0,3.0,0.0,Markel Bergara,5.0,Midfielder,Getafe,"150,000"
426,1.0,13.0,0.0,Sergio Álvarez,44.0,Goalkeeper,Celta,"150,000"
427,1.0,20.0,0.0,Jozabed,47.0,Midfielder,Celta,"150,000"
428,,,,Iván López,,Defender,Levante,"150,000"
429,1.0,7.0,0.0,Unai López,15.0,Midfielder,Athletic,"150,000"
430,0.0,0.0,0.0,Luismi,0.0,Midfielder,Valladolid,"150,000"
431,2.0,6.0,0.0,Adrián Marín,13.0,Defender,Alavés,"150,000"
432,0.0,1.0,0.0,Adán,6.0,Goalkeeper,Atlético,"150,000"
433,2.0,13.0,0.0,Eraso,26.0,Midfielder,Leganés,"150,000"
434,1.0,16.0,1.0,Burgui,47.0,Midfielder,Alavés,"150,000"
435,4.0,16.0,0.0,Luna,51.0,Defender,Levante,"150,000"
436,1.0,10.0,0.0,Bigas,35.0,Defender,Eibar,"150,000"
437,6.0,21.0,0.0,Juncà,62.0,Defender,Celta,"150,000"
438,0.0,14.0,0.0,Riesgo,41.0,Goalkeeper,Eibar,"150,000"
439,0.0,12.0,0.0,Sabin Merino,25.0,Forward,Leganés,"150,000"
440,1.0,4.0,0.0,Lekue,11.0,Defender,Athletic,"150,000"
441,6.0,16.0,1.0,Gumbau,53.0,Midfielder,Leganés,"150,000"
442,0.0,1.0,0.0,Jordi Calavera,0.0,Defender,Eibar,"150,000"
443,8.0,19.0,0.0,Roncaglia,55.0,Defender,Celta,"150,000"
444,1.0,2.0,0.0,Daniel Torres,2.0,Midfielder,Alavés,"150,000"
445,,,,Otegui,,Midfielder,Osasuna,"150,000"
446,0.0,0.0,0.0,Josua Mejías,0.0,Defender,Leganés,"150,000"
447,,,,Rafa Navarro,,Defender,Alavés,"150,000"
448,0.0,0.0,0.0,Yáñez,0.0,Goalkeeper,Getafe,"150,000"
449,0.0,11.0,0.0,Hugo Duro,33.0,Forward,Getafe,"150,000"
450,,,,Villalibre,,Forward,Athletic,"150,000"
451,1.0,7.0,0.0,Kevin Rodrigues,22.0,Defender,Real Sociedad,"150,000"
452,1.0,5.0,0.0,Rodrigo Ely,13.0,Defender,Alavés,"150,000"
453,2.0,4.0,0.0,Juan Soriano,18.0,Goalkeeper,Leganés,"150,000"
454,3.0,4.0,0.0,Iván Alejo,-2.0,Midfielder,Getafe,"150,000"
455,7.0,19.0,2.0,Chema,71.0,Defender,Levante,"150,000"
456,5.0,21.0,1.0,Postigo,68.0,Defender,Levante,"150,000"
457,0.0,0.0,0.0,Saveljich,0.0,Defender,Levante,"150,000"
458,,,,Demirovic,,Forward,Alavés,"150,000"
459,0.0,0.0,0.0,José Carlos Lazo,0.0,Forward,Getafe,"150,000"
460,0.0,1.0,0.0,Chichizola,2.0,Goalkeeper,Getafe,"150,000"
461,,,,Andrés Prieto,,Goalkeeper,Espanyol,"150,000"
462,,,,Corchia,,Defender,Sevilla,"150,000"
463,0.0,3.0,0.0,Sivera,9.0,Goalkeeper,Alavés,"150,000"
464,0.0,0.0,0.0,Manojlovic,0.0,Goalkeeper,Getafe,"150,000"
465,1.0,9.0,0.0,Doukouré,10.0,Midfielder,Levante,"150,000"
466,0.0,3.0,0.0,Ivi,4.0,Forward,Levante,"150,000"
467,0.0,0.0,0.0,Iván Villar,0.0,Goalkeeper,Celta,"150,000"
468,1.0,13.0,0.0,Javi García,25.0,Midfielder,Betis,"150,000"
469,,,,Narvaez,,Midfielder,Betis,"150,000"
470,1.0,22.0,0.0,Francis,66.0,Defender,Betis,"150,000"
471,1.0,10.0,0.0,Emre Mor,16.0,Midfielder,Celta,"150,000"
472,4.0,23.0,0.0,Córdoba,52.0,Midfielder,Athletic,"150,000"
473,3.0,9.0,0.0,Adrián Diéguez,26.0,Defender,Alavés,"150,000"
474,6.0,19.0,1.0,Anuar,56.0,Midfielder,Valladolid,"150,000"
475,0.0,8.0,0.0,Raba,7.0,Midfielder,Villarreal,"150,000"
476,1.0,7.0,0.0,Ignasi Miquel,15.0,Defender,Getafe,"150,000"
477,3.0,9.0,0.0,Arana,26.0,Defender,Sevilla,"150,000"
478,2.0,13.0,1.0,Joaquín Fernández,51.0,Defender,Valladolid,"150,000"
479,,,,Ramiro Guerra,,Midfielder,Villarreal,"150,000"
480,0.0,1.0,0.0,Mazan,1.0,Defender,Celta,"150,000"
481,0.0,2.0,0.0,Riqui Puig,4.0,Midfielder,Barcelona,"150,000"
482,2.0,9.0,0.0,Francisco Montero,24.0,Defender,Atlético,"150,000"
483,,,,Merveil Ndockyt,,Midfielder,Getafe,"150,000"
484,1.0,3.0,0.0,Moussa Wagué,8.0,Defender,Barcelona,"150,000"
485,0.0,6.0,0.0,Arnáiz,15.0,Forward,Leganés,"150,000"
486,0.0,0.0,0.0,Nando,0.0,Forward,Alavés,"150,000"
487,0.0,1.0,0.0,Ganea,-1.0,Defender,Athletic,"150,000"
488,0.0,4.0,0.0,Kevin Vázquez,11.0,Defender,Celta,"150,000"
489,0.0,0.0,0.0,José Antonio Martínez,0.0,Defender,Eibar,"150,000"
490,0.0,0.0,0.0,Juan Hernández,0.0,Forward,Celta,"150,000"
491,0.0,7.0,0.0,Gorosabel,16.0,Defender,Real Sociedad,"150,000"
492,2.0,17.0,0.0,Amadou,50.0,Midfielder,Sevilla,"150,000"
493,0.0,0.0,0.0,Racic,0.0,Midfielder,Valencia,"150,000"
494,0.0,0.0,0.0,Antonio Domínguez,0.0,Forward,Valladolid,"150,000"
495,0.0,0.0,0.0,Facundo García,0.0,Midfielder,Leganés,"150,000"
496,1.0,4.0,0.0,Le Normand,18.0,Defender,Real Sociedad,"150,000"
497,0.0,0.0,0.0,Dani Martín,0.0,Goalkeeper,Betis,"150,000"
498,0.0,0.0,0.0,David Mayoral,0.0,Forward,Valladolid,"150,000"
499,0.0,0.0,0.0,Pipa,0.0,Defender,Espanyol,"150,000"
500,0.0,15.0,0.0,Puado,37.0,Forward,Espanyol,"150,000"
502,0.0,0.0,0.0,Javi Muñoz,0.0,Midfielder,Alavés,"150,000"
503,2.0,10.0,0.0,Morlanes,40.0,Midfielder,Villarreal,"150,000"
504,2.0,7.0,0.0,Gnagnon,27.0,Defender,Sevilla,"150,000"
505,2.0,11.0,0.0,Patrick Twumasi,24.0,Forward,Alavés,"150,000"
506,3.0,10.0,0.0,Prcic,39.0,Midfielder,Levante,"150,000"
