;defender_points;defender_values;defenders;forward_points;forward_values;forwards;goalkeeper_points;goalkeeper_values;goalkeepers;midfielder_points;midfielder_values;midfielders;total_points;total_value
0;[134.0, 120.0, 113.0, 95.0];[2870000, 1820000, 920000, 850000];['Gabriel Paulista', 'Yeray', 'Jason', 'De Marcos'];[428.0, 179.0, 126.0];[22790000, 3990000, 1260000];['Messi', 'Dembélé', 'Loren'];[178.0];[3580000];['David Soria'];[195.0, 140.0, 176.0, 117.0, 175.0, 64.0];[5530000, 3250000, 3210000, 2810000, 2590000, 350000];['Rakitic', 'Cucurella', 'Alcaraz', 'Banega', 'Joaquín', 'Sergio Álvarez Díaz'];2240.0;55820000
1;[152.0, 143.0, 124.0, 88.0];[2550000, 1990000, 1850000, 770000];['Damián Suárez', 'Miramón', 'Bernardo', 'Feddal'];[428.0, 188.0, 134.0];[22790000, 7850000, 1490000];['Messi', 'Rodrigo', 'Enes Ünal'];[160.0];[2980000];['Diego López'];[171.0, 150.0, 140.0, 123.0, 151.0, 104.0];[3780000, 3090000, 2880000, 1940000, 1790000, 990000];['Darder', 'Bardhi', 'Rochina', 'Coquelin', 'Michel Herrero', 'Lucas Vázquez'];2256.0;56740000
2;[166.0, 135.0, 152.0, 125.0];[3040000, 2900000, 2550000, 1190000];['Calero', 'Wass', 'Damián Suárez', 'Carriço'];[428.0, 210.0, 136.0];[22790000, 8310000, 3150000];['Messi', 'Oyarzabal', 'Gameiro'];[160.0];[2980000];['Diego López'];[154.0, 156.0, 118.0, 84.0, 101.0, 82.0];[3420000, 2790000, 2090000, 1850000, 580000, 240000];['Saúl', 'Tello', 'Pere Pons', 'Iborra', 'Portillo', 'Medrán'];2207.0;57880000
3;[123.0, 145.0, 158.0, 105.0];[3210000, 3070000, 2340000, 510000];['Sergi Roberto', 'Djené', 'Mandi', 'Kjaer'];[428.0, 244.0, 165.0];[22790000, 6560000, 5000000];['Messi', 'Jorge Molina', 'Willian José'];[178.0];[3580000];['David Soria'];[153.0, 107.0, 131.0, 108.0, 118.0, 50.0];[3800000, 2990000, 1850000, 1300000, 660000, 150000];['Orellana', 'Arthur', 'Ibai Gómez', 'Lobotka', 'Diop', 'Amadou'];2213.0;57810000
4;[134.0, 166.0, 133.0, 141.0];[2870000, 2240000, 1840000, 1450000];['Gabriel Paulista', 'Nacho Martínez', 'Funes Mori', 'Araujo'];[262.0, 263.0, 185.0];[11740000, 10710000, 2500000];['Luis Suárez', 'Benzema', 'Charles'];[150.0];[2810000];['Masip'];[221.0, 171.0, 138.0, 156.0, 119.0, 68.0];[9560000, 3780000, 3590000, 2790000, 1140000, 160000];['Morales', 'Darder', 'Kroos', 'Tello', 'Zubeldia', 'Víctor Sánchez'];2307.0;57180000
5;[151.0, 124.0, 103.0, 141.0];[4960000, 1850000, 1830000, 1450000];['Sergio Ramos', 'Bernardo', 'Nelson Semedo', 'Araujo'];[428.0, 244.0, 136.0];[22790000, 6560000, 3150000];['Messi', 'Jorge Molina', 'Gameiro'];[106.0];[2220000];['Dmitrovic'];[171.0, 154.0, 150.0, 137.0, 100.0, 82.0];[3780000, 3170000, 3090000, 2670000, 690000, 170000];['Darder', 'Brais Méndez', 'Bardhi', 'Franco Vázquez', 'Roque Mesa', 'San José'];2227.0;58380000
6;[170.0, 122.0, 145.0, 141.0];[3330000, 3240000, 3070000, 1450000];['Laguardia', 'Varane', 'Djené', 'Araujo'];[428.0, 136.0, 155.0];[22790000, 3150000, 1890000];['Messi', 'Gameiro', 'Roger'];[150.0];[2810000];['Masip'];[215.0, 176.0, 136.0, 133.0, 101.0, 149.0];[6860000, 3210000, 3040000, 1660000, 580000, 380000];['Cazorla', 'Alcaraz', 'Casemiro', 'Escalante', 'Portillo', 'Moi Gómez'];2357.0;57460000
7;[193.0, 154.0, 174.0, 87.0];[6390000, 3130000, 2440000, 390000];['Jesús Navas', 'Hugo Mallo', 'Rubén Peña', 'Ramis'];[246.0, 209.0, 161.0];[8320000, 6440000, 3100000];['Ben Yedder', 'Jaime Mata', 'En-Nesyri'];[160.0];[2980000];['Diego López'];[255.0, 194.0, 131.0, 108.0, 109.0, 66.0];[11420000, 4200000, 1850000, 950000, 750000, 150000];['Parejo', 'Campaña', 'Ibai Gómez', 'Dani García', 'Cheryshev', 'Piatti'];2247.0;52510000
8;[131.0, 150.0, 113.0, 92.0];[1940000, 1890000, 920000, 180000];['Pedraza', 'Jonathan Silva', 'Jason', 'Antoñito'];[428.0, 244.0, 87.0];[22790000, 6560000, 220000];['Messi', 'Jorge Molina', 'Sobrino'];[94.0];[1290000];['Herrerín'];[215.0, 194.0, 162.0, 140.0, 148.0, 82.0];[6860000, 4200000, 4120000, 2880000, 2320000, 240000];['Cazorla', 'Campaña', 'Muniain', 'Rochina', 'Óscar Rodríguez', 'Medrán'];2280.0;56410000
9;[200.0, 151.0, 158.0, 133.0];[6880000, 4960000, 2980000, 1480000];['Jordi Alba', 'Sergio Ramos', 'Siovas', 'Maripán'];[263.0, 239.0, 87.0];[10710000, 9660000, 220000];['Benzema', 'Borja Iglesias', 'Sobrino'];[173.0];[3610000];['Pacheco'];[195.0, 149.0, 176.0, 152.0, 98.0, 50.0];[5530000, 3440000, 3210000, 2650000, 1130000, 150000];['Rakitic', 'Busquets', 'Alcaraz', 'Thomas', 'Ceballos', 'Amadou'];2224.0;56610000
10;[130.0, 174.0, 158.0, 143.0];[2800000, 2440000, 2340000, 1990000];['Bartra', 'Rubén Peña', 'Mandi', 'Miramón'];[246.0, 210.0, 157.0];[14610000, 8310000, 3440000];['Iago Aspas', 'Oyarzabal', 'Gerard Moreno'];[160.0];[2980000];['Diego López'];[178.0, 173.0, 140.0, 152.0, 109.0, 104.0];[4790000, 3570000, 3250000, 2650000, 1130000, 760000];['Raúl García', 'Marc Roca', 'Cucurella', 'Thomas', 'Toni Villa', 'Rubén Pardo'];2234.0;55060000
11;[133.0, 103.0, 95.0, 77.0];[3220000, 1830000, 850000, 220000];['Iñigo Martínez', 'Nelson Semedo', 'De Marcos', 'Bruno González'];[428.0, 179.0, 155.0];[22790000, 3990000, 1890000];['Messi', 'Dembélé', 'Roger'];[178.0];[3580000];['David Soria'];[171.0, 174.0, 156.0, 125.0, 113.0, 149.0];[3780000, 3360000, 2790000, 2240000, 1270000, 380000];['Darder', 'Vidal', 'Tello', 'William Carvalho', 'Guardado', 'Moi Gómez'];2236.0;52190000
12;[151.0, 152.0, 119.0, 104.0];[4960000, 2550000, 900000, 290000];['Sergio Ramos', 'Damián Suárez', 'Sergi Gómez', 'Arbilla'];[262.0, 166.0, 155.0];[11740000, 5200000, 1890000];['Luis Suárez', 'Portu', 'Roger'];[196.0];[6480000];['Oblak'];[255.0, 149.0, 174.0, 129.0, 118.0, 101.0];[11420000, 3440000, 3360000, 1110000, 660000, 580000];['Parejo', 'Busquets', 'Vidal', 'Yokuslu', 'Diop', 'Portillo'];2231.0;54580000
13;[115.0, 158.0, 133.0, 87.0];[3230000, 2340000, 1840000, 390000];['Lenglet', 'Mandi', 'Funes Mori', 'Ramis'];[262.0, 195.0, 134.0];[11740000, 6390000, 1490000];['Luis Suárez', 'Maxi Gómez', 'Enes Ünal'];[167.0];[4720000];['Ter Stegen'];[215.0, 195.0, 138.0, 154.0, 140.0, 176.0];[6860000, 5530000, 3590000, 3420000, 3250000, 3210000];['Cazorla', 'Rakitic', 'Kroos', 'Saúl', 'Cucurella', 'Alcaraz'];2269.0;58000000
14;[153.0, 117.0, 141.0, 106.0];[2690000, 1550000, 1450000, 390000];['Cabrera', 'Aritz Elustondo', 'Araujo', 'Dídac Vilà'];[210.0, 166.0, 179.0];[8310000, 5200000, 4670000];['Oyarzabal', 'Portu', 'Ezequiel Ávila'];[128.0];[3030000];['Vaclík'];[255.0, 221.0, 195.0, 155.0, 131.0, 109.0];[11420000, 9560000, 5530000, 2790000, 1850000, 1130000];['Parejo', 'Morales', 'Rakitic', 'Maksimovic', 'Ibai Gómez', 'Toni Villa'];2266.0;59570000
15;[166.0, 143.0, 150.0, 68.0];[3040000, 1990000, 1890000, 230000];['Calero', 'Miramón', 'Jonathan Silva', 'Raúl Navas'];[428.0, 209.0, 114.0];[22790000, 7540000, 1010000];['Messi', 'Williams', 'Correa'];[160.0];[2980000];['Diego López'];[215.0, 162.0, 155.0, 125.0, 80.0, 119.0];[6860000, 4120000, 2790000, 2240000, 1270000, 1140000];['Cazorla', 'Muniain', 'Maksimovic', 'William Carvalho', 'Trigueros', 'Zubeldia'];2294.0;59890000
16;[178.0, 127.0, 100.0, 78.0];[5620000, 4020000, 950000, 180000];['Hermoso', 'Carvajal', 'Santiago Arias', 'Rodrigo Tarín'];[428.0, 244.0, 110.0];[22790000, 6560000, 2650000];['Messi', 'Jorge Molina', 'Juanmi'];[157.0];[2560000];['Asenjo'];[166.0, 173.0, 175.0, 138.0, 149.0, 83.0];[4720000, 3570000, 2590000, 2130000, 380000, 210000];['Koke', 'Marc Roca', 'Joaquín', 'Arambarri', 'Moi Gómez', 'Vesga'];2306.0;58930000
17;[227.0, 169.0, 89.0, 92.0];[8360000, 4540000, 730000, 180000];['Piqué', 'Gayà', 'Piccini', 'Antoñito'];[246.0, 185.0, 155.0];[8320000, 2500000, 1890000];['Ben Yedder', 'Charles', 'Roger'];[157.0];[2560000];['Asenjo'];[215.0, 214.0, 201.0, 118.0, 109.0, 82.0];[6860000, 6630000, 4620000, 2090000, 750000, 170000];['Cazorla', 'Canales', 'Jordan', 'Pere Pons', 'Cheryshev', 'San José'];2259.0;50200000
18;[122.0, 179.0, 143.0, 108.0];[3240000, 3200000, 1990000, 790000];['Varane', 'Cote', 'Miramón', 'Bustinza'];[263.0, 179.0, 87.0];[10710000, 3990000, 220000];['Benzema', 'Dembélé', 'Sobrino'];[148.0];[2200000];['Cuéllar'];[255.0, 214.0, 178.0, 150.0, 109.0, 72.0];[11420000, 6630000, 4790000, 3090000, 1130000, 1070000];['Parejo', 'Canales', 'Raúl García', 'Bardhi', 'Toni Villa', 'Inui'];2207.0;54470000
19;[151.0, 133.0, 86.0, 126.0];[4960000, 1480000, 1160000, 370000];['Sergio Ramos', 'Maripán', 'Naldo', 'Antunes'];[428.0, 179.0, 185.0];[22790000, 3990000, 2500000];['Messi', 'Dembélé', 'Charles'];[196.0];[6480000];['Oblak'];[194.0, 174.0, 150.0, 118.0, 129.0, 109.0];[4200000, 3360000, 3230000, 2090000, 1110000, 750000];['Campaña', 'Vidal', 'Melendo', 'Pere Pons', 'Yokuslu', 'Cheryshev'];2358.0;58470000
20;[178.0, 135.0, 76.0, 92.0];[5620000, 2900000, 330000, 180000];['Hermoso', 'Wass', 'Jaume Costa', 'Antoñito'];[428.0, 179.0, 161.0];[22790000, 3990000, 3100000];['Messi', 'Dembélé', 'En-Nesyri'];[178.0];[3580000];['David Soria'];[194.0, 171.0, 176.0, 148.0, 73.0, 60.0];[4200000, 3780000, 3210000, 2320000, 590000, 290000];['Campaña', 'Darder', 'Alcaraz', 'Óscar Rodríguez', 'Boudebouz', 'Recio'];2249.0;56880000
21;[178.0, 169.0, 99.0, 126.0];[5620000, 4540000, 630000, 370000];['Hermoso', 'Gayà', 'Sidnei', 'Antunes'];[262.0, 244.0, 179.0];[11740000, 6560000, 4670000];['Luis Suárez', 'Jorge Molina', 'Ezequiel Ávila'];[148.0];[2200000];['Cuéllar'];[255.0, 215.0, 127.0, 108.0, 75.0, 83.0];[11420000, 6860000, 1460000, 1300000, 1130000, 210000];['Parejo', 'Cazorla', 'Rubén Pérez', 'Lobotka', 'Melero', 'Vesga'];2268.0;58710000
22;[200.0, 127.0, 174.0, 86.0];[6880000, 4020000, 2440000, 1160000];['Jordi Alba', 'Carvajal', 'Rubén Peña', 'Naldo'];[209.0, 166.0, 104.0];[6440000, 5200000, 3010000];['Jaime Mata', 'Portu', 'Munir'];[173.0];[3610000];['Pacheco'];[255.0, 178.0, 174.0, 176.0, 136.0, 65.0];[11420000, 4790000, 3360000, 3210000, 3040000, 160000];['Parejo', 'Raúl García', 'Vidal', 'Alcaraz', 'Casemiro', 'Hernán Pérez'];2223.0;58740000
23;[170.0, 114.0, 158.0, 166.0];[3330000, 2980000, 2980000, 2240000];['Laguardia', 'Garay', 'Siovas', 'Nacho Martínez'];[195.0, 179.0, 126.0];[6390000, 3990000, 1840000];['Maxi Gómez', 'Dembélé', 'Bale'];[173.0];[3610000];['Pacheco'];[255.0, 178.0, 201.0, 138.0, 127.0, 83.0];[11420000, 4790000, 4620000, 3590000, 3430000, 210000];['Parejo', 'Raúl García', 'Jordan', 'Kroos', 'Carlos Soler', 'Vesga'];2263.0;55420000
24;[153.0, 124.0, 136.0, 67.0];[2690000, 1850000, 1670000, 460000];['Cabrera', 'Bernardo', 'Kiko Olivas', 'Nacho'];[428.0, 126.0, 140.0];[22790000, 1840000, 1190000];['Messi', 'Bale', 'Óscar Plano'];[167.0];[4720000];['Ter Stegen'];[255.0, 195.0, 155.0, 113.0, 118.0, 119.0];[11420000, 5530000, 2790000, 1270000, 660000, 610000];['Parejo', 'Rakitic', 'Maksimovic', 'Guardado', 'Diop', 'Manu García'];2296.0;59490000
25;[174.0, 148.0, 166.0, 133.0];[2440000, 2240000, 2240000, 1840000];['Rubén Peña', 'Yuri', 'Nacho Martínez', 'Funes Mori'];[239.0, 179.0, 136.0];[9660000, 3990000, 3840000];['Borja Iglesias', 'Dembélé', 'Santi Mina'];[150.0];[2810000];['Masip'];[194.0, 173.0, 149.0, 154.0, 150.0, 65.0];[4200000, 3570000, 3440000, 3420000, 3230000, 160000];['Campaña', 'Marc Roca', 'Busquets', 'Saúl', 'Melendo', 'Hernán Pérez'];2210.0;47080000
26;[200.0, 158.0, 150.0, 51.0];[6880000, 2980000, 1890000, 150000];['Jordi Alba', 'Siovas', 'Jonathan Silva', 'Luna'];[428.0, 209.0, 169.0];[22790000, 7540000, 3520000];['Messi', 'Williams', 'Ekambi'];[160.0];[2980000];['Diego López'];[176.0, 125.0, 119.0, 109.0, 129.0, 119.0];[3210000, 2240000, 1140000, 1130000, 1110000, 610000];['Alcaraz', 'William Carvalho', 'Zubeldia', 'Toni Villa', 'Yokuslu', 'Manu García'];2302.0;58170000
27;[152.0, 103.0, 94.0, 136.0];[2550000, 1830000, 1800000, 1670000];['Damián Suárez', 'Nelson Semedo', 'Diego Llorente', 'Kiko Olivas'];[263.0, 239.0, 244.0];[10710000, 9660000, 6560000];['Benzema', 'Borja Iglesias', 'Jorge Molina'];[160.0];[2980000];['Diego López'];[215.0, 149.0, 108.0, 101.0, 93.0, 149.0];[6860000, 3440000, 950000, 580000, 410000, 380000];['Cazorla', 'Busquets', 'Dani García', 'Portillo', 'Fran Beltrán', 'Moi Gómez'];2206.0;50380000
28;[178.0, 150.0, 95.0, 73.0];[5620000, 1890000, 850000, 200000];['Hermoso', 'Jonathan Silva', 'De Marcos', 'Víctor Ruiz'];[428.0, 188.0, 140.0];[22790000, 7850000, 1190000];['Messi', 'Rodrigo', 'Óscar Plano'];[157.0];[2560000];['Asenjo'];[214.0, 173.0, 174.0, 136.0, 60.0, 52.0];[6630000, 3570000, 3360000, 3040000, 290000, 150000];['Canales', 'Marc Roca', 'Vidal', 'Casemiro', 'Recio', 'Córdoba'];2218.0;59990000
29;[193.0, 152.0, 150.0, 90.0];[6390000, 2550000, 1890000, 1340000];['Jesús Navas', 'Damián Suárez', 'Jonathan Silva', 'Vezo'];[246.0, 244.0, 172.0];[8320000, 6560000, 3210000];['Ben Yedder', 'Jorge Molina', 'Ángel Rodríguez'];[173.0];[3610000];['Pacheco'];[215.0, 137.0, 152.0, 151.0, 113.0, 100.0];[6860000, 2670000, 2650000, 1790000, 1270000, 690000];['Cazorla', 'Franco Vázquez', 'Thomas', 'Michel Herrero', 'Guardado', 'Roque Mesa'];2288.0;49800000
30;[136.0, 122.0, 126.0, 73.0];[1670000, 1100000, 370000, 200000];['Kiko Olivas', 'Ximo Navarro', 'Antunes', 'Víctor Ruiz'];[244.0, 209.0, 155.0];[6560000, 6440000, 1890000];['Jorge Molina', 'Jaime Mata', 'Roger'];[178.0];[3580000];['David Soria'];[255.0, 194.0, 153.0, 155.0, 138.0, 72.0];[11420000, 4200000, 3800000, 2790000, 2130000, 1070000];['Parejo', 'Campaña', 'Orellana', 'Maksimovic', 'Arambarri', 'Inui'];2210.0;47220000
31;[118.0, 158.0, 133.0, 84.0];[3150000, 2340000, 1480000, 270000];['Junior Firpo', 'Mandi', 'Maripán', 'Toño García'];[428.0, 262.0, 185.0];[22790000, 11740000, 2500000];['Messi', 'Luis Suárez', 'Charles'];[94.0];[1290000];['Herrerín'];[215.0, 175.0, 113.0, 118.0, 90.0, 54.0];[6860000, 2590000, 1270000, 660000, 450000, 390000];['Cazorla', 'Joaquín', 'Guardado', 'Diop', 'Ferrán Torres', 'Fede Valverde'];2227.0;57780000
32;[130.0, 152.0, 150.0, 120.0];[2800000, 2550000, 1890000, 1820000];['Bartra', 'Damián Suárez', 'Jonathan Silva', 'Yeray'];[246.0, 185.0, 126.0];[14610000, 2500000, 1840000];['Iago Aspas', 'Charles', 'Bale'];[157.0];[2560000];['Asenjo'];[221.0, 215.0, 195.0, 100.0, 175.0, 52.0];[9560000, 6860000, 5530000, 3050000, 2590000, 150000];['Morales', 'Cazorla', 'Rakitic', 'Isco', 'Joaquín', 'Córdoba'];2224.0;58310000
33;[79.0, 179.0, 89.0, 67.0];[3250000, 3200000, 730000, 460000];['Marcelo', 'Cote', 'Piccini', 'Nacho'];[428.0, 179.0, 161.0];[22790000, 3990000, 3100000];['Messi', 'Dembélé', 'En-Nesyri'];[173.0];[3610000];['Pacheco'];[214.0, 108.0, 176.0, 136.0, 109.0, 149.0];[6630000, 3340000, 3210000, 3040000, 750000, 380000];['Canales', 'Illarramendi', 'Alcaraz', 'Casemiro', 'Cheryshev', 'Moi Gómez'];2247.0;58480000
34;[118.0, 152.0, 143.0, 89.0];[3150000, 2550000, 1990000, 730000];['Junior Firpo', 'Damián Suárez', 'Miramón', 'Piccini'];[428.0, 166.0, 126.0];[22790000, 5200000, 1840000];['Messi', 'Portu', 'Bale'];[148.0];[2200000];['Cuéllar'];[214.0, 171.0, 173.0, 152.0, 109.0, 83.0];[6630000, 3780000, 3570000, 2650000, 1130000, 210000];['Canales', 'Darder', 'Marc Roca', 'Thomas', 'Toni Villa', 'Vesga'];2272.0;58420000
35;[178.0, 158.0, 124.0, 100.0];[5620000, 2340000, 1850000, 950000];['Hermoso', 'Mandi', 'Bernardo', 'Santiago Arias'];[244.0, 179.0, 185.0];[6560000, 4670000, 2500000];['Jorge Molina', 'Ezequiel Ávila', 'Charles'];[196.0];[6480000];['Oblak'];[255.0, 214.0, 175.0, 101.0, 69.0, 72.0];[11420000, 6630000, 2590000, 580000, 550000, 180000];['Parejo', 'Canales', 'Joaquín', 'Portillo', 'Vitolo', 'Brasanac'];2250.0;52920000
36;[145.0, 77.0, 78.0, 55.0];[3070000, 220000, 180000, 150000];['Djené', 'Bruno González', 'Rodrigo Tarín', 'Roncaglia'];[263.0, 244.0, 179.0];[10710000, 6560000, 3990000];['Benzema', 'Jorge Molina', 'Dembélé'];[178.0];[3580000];['David Soria'];[255.0, 215.0, 162.0, 108.0, 176.0, 138.0];[11420000, 6860000, 4120000, 3340000, 3210000, 2130000];['Parejo', 'Cazorla', 'Muniain', 'Illarramendi', 'Alcaraz', 'Arambarri'];2273.0;59540000
37;[174.0, 143.0, 133.0, 104.0];[2440000, 1990000, 1840000, 290000];['Rubén Peña', 'Miramón', 'Funes Mori', 'Arbilla'];[262.0, 244.0, 155.0];[11740000, 6560000, 1890000];['Luis Suárez', 'Jorge Molina', 'Roger'];[167.0];[4720000];['Ter Stegen'];[214.0, 201.0, 140.0, 138.0, 119.0, 68.0];[6630000, 4620000, 3250000, 2130000, 610000, 160000];['Canales', 'Jordan', 'Cucurella', 'Arambarri', 'Manu García', 'Víctor Sánchez'];2262.0;48870000
38;[170.0, 111.0, 154.0, 122.0];[3330000, 3330000, 3130000, 1100000];['Laguardia', 'Giménez', 'Hugo Mallo', 'Ximo Navarro'];[428.0, 136.0, 87.0];[22790000, 3840000, 220000];['Messi', 'Santi Mina', 'Sobrino'];[178.0];[3580000];['David Soria'];[201.0, 174.0, 155.0, 138.0, 123.0, 87.0];[4620000, 3360000, 2790000, 2130000, 1940000, 330000];['Jordan', 'Vidal', 'Maksimovic', 'Arambarri', 'Coquelin', 'Zurutuza'];2264.0;56490000
39;[154.0, 174.0, 158.0, 136.0];[3130000, 2440000, 2340000, 1670000];['Hugo Mallo', 'Rubén Peña', 'Mandi', 'Kiko Olivas'];[246.0, 179.0, 185.0];[8320000, 4670000, 2500000];['Ben Yedder', 'Ezequiel Ávila', 'Charles'];[196.0];[6480000];['Oblak'];[221.0, 195.0, 201.0, 138.0, 72.0, 96.0];[9560000, 5530000, 4620000, 3590000, 1070000, 620000];['Morales', 'Rakitic', 'Jordan', 'Kroos', 'Inui', 'Beñat'];2351.0;56540000
40;[193.0, 170.0, 125.0, 99.0];[6390000, 3330000, 1190000, 770000];['Jesús Navas', 'Laguardia', 'Carriço', 'Héctor Moreno'];[239.0, 244.0, 118.0];[9660000, 6560000, 1500000];['Borja Iglesias', 'Jorge Molina', 'Bacca'];[117.0];[1990000];['Rulli'];[214.0, 195.0, 201.0, 194.0, 107.0, 93.0];[6630000, 5530000, 4620000, 4200000, 2990000, 410000];['Canales', 'Rakitic', 'Jordan', 'Campaña', 'Arthur', 'Fran Beltrán'];2309.0;55770000
41;[170.0, 130.0, 174.0, 158.0];[3330000, 2800000, 2440000, 2340000];['Laguardia', 'Bartra', 'Rubén Peña', 'Mandi'];[428.0, 179.0, 73.0];[22790000, 3990000, 190000];['Messi', 'Dembélé', 'Kike García'];[167.0];[4720000];['Ter Stegen'];[184.0, 153.0, 140.0, 156.0, 108.0, 82.0];[6330000, 3800000, 3250000, 2790000, 950000, 170000];['Lo Celso', 'Orellana', 'Cucurella', 'Tello', 'Dani García', 'San José'];2302.0;59890000
42;[154.0, 130.0, 125.0, 106.0];[3130000, 2800000, 1190000, 390000];['Hugo Mallo', 'Bartra', 'Carriço', 'Dídac Vilà'];[210.0, 209.0, 165.0];[8310000, 6440000, 5000000];['Oyarzabal', 'Jaime Mata', 'Willian José'];[148.0];[2200000];['Cuéllar'];[221.0, 163.0, 201.0, 171.0, 155.0, 100.0];[9560000, 5930000, 4620000, 3780000, 2790000, 690000];['Morales', 'Modric', 'Jordan', 'Darder', 'Maksimovic', 'Roque Mesa'];2258.0;56830000
43;[158.0, 120.0, 71.0, 126.0];[2980000, 1820000, 830000, 370000];['Siovas', 'Yeray', 'Escudero', 'Antunes'];[262.0, 246.0, 166.0];[11740000, 8320000, 5200000];['Luis Suárez', 'Ben Yedder', 'Portu'];[167.0];[4720000];['Ter Stegen'];[178.0, 166.0, 201.0, 194.0, 154.0, 82.0];[4790000, 4720000, 4620000, 4200000, 3170000, 170000];['Raúl García', 'Koke', 'Jordan', 'Campaña', 'Brais Méndez', 'San José'];2291.0;57650000
44;[170.0, 153.0, 133.0, 95.0];[3330000, 2690000, 1480000, 850000];['Laguardia', 'Cabrera', 'Maripán', 'De Marcos'];[428.0, 161.0, 87.0];[22790000, 3100000, 220000];['Messi', 'En-Nesyri', 'Sobrino'];[178.0];[3580000];['David Soria'];[166.0, 154.0, 156.0, 137.0, 138.0, 82.0];[4720000, 3170000, 2790000, 2670000, 2130000, 240000];['Koke', 'Brais Méndez', 'Tello', 'Franco Vázquez', 'Arambarri', 'Medrán'];2238.0;53760000
45;[148.0, 120.0, 117.0, 67.0];[2240000, 1820000, 1550000, 460000];['Yuri', 'Yeray', 'Aritz Elustondo', 'Nacho'];[428.0, 195.0, 172.0];[22790000, 6390000, 3110000];['Messi', 'Maxi Gómez', 'Sergi Enrich'];[178.0];[3580000];['David Soria'];[195.0, 150.0, 164.0, 98.0, 104.0, 87.0];[5530000, 3090000, 3080000, 1130000, 760000, 330000];['Rakitic', 'Bardhi', 'Coutinho', 'Ceballos', 'Rubén Pardo', 'Zurutuza'];2223.0;55860000
46;[178.0, 150.0, 133.0, 114.0];[5620000, 1890000, 1480000, 750000];['Hermoso', 'Jonathan Silva', 'Maripán', 'Rubén Duarte'];[246.0, 188.0, 87.0];[8320000, 7850000, 220000];['Ben Yedder', 'Rodrigo', 'Sobrino'];[196.0];[6480000];['Oblak'];[214.0, 184.0, 178.0, 153.0, 175.0, 70.0];[6630000, 6330000, 4790000, 3800000, 2590000, 170000];['Canales', 'Lo Celso', 'Raúl García', 'Orellana', 'Joaquín', 'Cáseres'];2266.0;56920000
47;[154.0, 158.0, 133.0, 119.0];[3130000, 2340000, 1840000, 900000];['Hugo Mallo', 'Mandi', 'Funes Mori', 'Sergi Gómez'];[262.0, 172.0, 185.0];[11740000, 3110000, 2500000];['Luis Suárez', 'Sergi Enrich', 'Charles'];[150.0];[2810000];['Masip'];[255.0, 162.0, 140.0, 137.0, 125.0, 73.0];[11420000, 4120000, 2880000, 2670000, 1570000, 590000];['Parejo', 'Muniain', 'Rochina', 'Franco Vázquez', 'Tomás Pina', 'Boudebouz'];2225.0;51620000
48;[151.0, 117.0, 71.0, 81.0];[4960000, 1550000, 830000, 250000];['Sergio Ramos', 'Aritz Elustondo', 'Escudero', 'Diakhaby'];[244.0, 169.0, 157.0];[11150000, 3520000, 3440000];['Griezmann', 'Ekambi', 'Gerard Moreno'];[94.0];[1290000];['Herrerín'];[255.0, 214.0, 178.0, 171.0, 174.0, 104.0];[11420000, 6630000, 4790000, 3780000, 3360000, 760000];['Parejo', 'Canales', 'Raúl García', 'Darder', 'Vidal', 'Rubén Pardo'];2180.0;57730000
49;[227.0, 115.0, 174.0, 120.0];[8360000, 3230000, 2440000, 1820000];['Piqué', 'Lenglet', 'Rubén Peña', 'Yeray'];[239.0, 117.0, 185.0];[9660000, 3120000, 2500000];['Borja Iglesias', 'Asensio', 'Charles'];[148.0];[2200000];['Cuéllar'];[255.0, 162.0, 138.0, 133.0, 75.0, 109.0];[11420000, 4120000, 2130000, 1590000, 1130000, 1130000];['Parejo', 'Muniain', 'Arambarri', 'Granero', 'Melero', 'Toni Villa'];2197.0;54850000
50;[227.0, 166.0, 124.0, 113.0];[8360000, 3040000, 1850000, 920000];['Piqué', 'Calero', 'Bernardo', 'Jason'];[172.0, 136.0, 172.0];[3210000, 3150000, 3110000];['Ángel Rodríguez', 'Gameiro', 'Sergi Enrich'];[114.0];[4110000];['Courtois'];[255.0, 184.0, 164.0, 148.0, 104.0, 119.0];[11420000, 6330000, 3080000, 2320000, 760000, 610000];['Parejo', 'Lo Celso', 'Coutinho', 'Óscar Rodríguez', 'Rubén Pardo', 'Manu García'];2198.0;52270000
51;[154.0, 158.0, 150.0, 78.0];[3130000, 2980000, 1890000, 180000];['Hugo Mallo', 'Siovas', 'Jonathan Silva', 'Rodrigo Tarín'];[244.0, 185.0, 118.0];[6560000, 2500000, 1500000];['Jorge Molina', 'Charles', 'Bacca'];[173.0];[3610000];['Pacheco'];[214.0, 171.0, 164.0, 175.0, 125.0, 149.0];[6630000, 3780000, 3080000, 2590000, 1570000, 380000];['Canales', 'Darder', 'Coutinho', 'Joaquín', 'Tomás Pina', 'Moi Gómez'];2258.0;40380000
52;[227.0, 152.0, 150.0, 85.0];[8360000, 2550000, 1890000, 480000];['Piqué', 'Damián Suárez', 'Jonathan Silva', 'Javi López'];[239.0, 244.0, 209.0];[9660000, 6560000, 6440000];['Borja Iglesias', 'Jorge Molina', 'Jaime Mata'];[157.0];[2560000];['Asenjo'];[214.0, 195.0, 154.0, 138.0, 96.0, 72.0];[6630000, 5530000, 3170000, 2130000, 620000, 180000];['Canales', 'Rakitic', 'Brais Méndez', 'Arambarri', 'Beñat', 'Brasanac'];2332.0;56760000
53;[174.0, 124.0, 99.0, 76.0];[2440000, 1850000, 630000, 330000];['Rubén Peña', 'Bernardo', 'Sidnei', 'Jaume Costa'];[428.0, 244.0, 126.0];[22790000, 6560000, 1260000];['Messi', 'Jorge Molina', 'Loren'];[196.0];[6480000];['Oblak'];[174.0, 155.0, 137.0, 148.0, 125.0, 90.0];[3360000, 2790000, 2670000, 2320000, 2240000, 450000];['Vidal', 'Maksimovic', 'Franco Vázquez', 'Óscar Rodríguez', 'William Carvalho', 'Ferrán Torres'];2296.0;56170000
54;[178.0, 122.0, 174.0, 119.0];[5620000, 3240000, 2440000, 900000];['Hermoso', 'Varane', 'Rubén Peña', 'Sergi Gómez'];[165.0, 185.0, 118.0];[5000000, 2500000, 1500000];['Willian José', 'Charles', 'Bacca'];[196.0];[6480000];['Oblak'];[221.0, 214.0, 184.0, 153.0, 133.0, 108.0];[9560000, 6630000, 6330000, 3800000, 1590000, 950000];['Morales', 'Canales', 'Lo Celso', 'Orellana', 'Granero', 'Dani García'];2270.0;56540000
55;[200.0, 169.0, 117.0, 126.0];[6880000, 4540000, 1550000, 370000];['Jordi Alba', 'Gayà', 'Aritz Elustondo', 'Antunes'];[209.0, 209.0, 172.0];[7540000, 6440000, 3210000];['Williams', 'Jaime Mata', 'Ángel Rodríguez'];[173.0];[3610000];['Pacheco'];[195.0, 201.0, 140.0, 117.0, 156.0, 133.0];[5530000, 4620000, 3250000, 2810000, 2790000, 1660000];['Rakitic', 'Jordan', 'Cucurella', 'Banega', 'Tello', 'Escalante'];2317.0;54800000
56;[227.0, 166.0, 120.0, 105.0];[8360000, 3040000, 1820000, 510000];['Piqué', 'Calero', 'Yeray', 'Kjaer'];[428.0, 126.0, 114.0];[22790000, 1260000, 1010000];['Messi', 'Loren', 'Correa'];[167.0];[4720000];['Ter Stegen'];[166.0, 194.0, 156.0, 118.0, 133.0, 90.0];[4720000, 4200000, 2790000, 2090000, 1590000, 450000];['Koke', 'Campaña', 'Tello', 'Pere Pons', 'Granero', 'Ferrán Torres'];2310.0;59350000
57;[193.0, 179.0, 124.0, 126.0];[6390000, 3200000, 1850000, 370000];['Jesús Navas', 'Cote', 'Bernardo', 'Antunes'];[428.0, 161.0, 57.0];[22790000, 3100000, 170000];['Messi', 'En-Nesyri', 'Guidetti'];[160.0];[2980000];['Diego López'];[166.0, 176.0, 140.0, 151.0, 108.0, 64.0];[4720000, 3210000, 2880000, 1790000, 950000, 350000];['Koke', 'Alcaraz', 'Rochina', 'Michel Herrero', 'Dani García', 'Sergio Álvarez Díaz'];2233.0;54750000
58;[152.0, 166.0, 90.0, 119.0];[2550000, 2240000, 1340000, 900000];['Damián Suárez', 'Nacho Martínez', 'Vezo', 'Sergi Gómez'];[239.0, 246.0, 140.0];[9660000, 8320000, 1190000];['Borja Iglesias', 'Ben Yedder', 'Óscar Plano'];[148.0];[2200000];['Cuéllar'];[221.0, 195.0, 166.0, 171.0, 136.0, 101.0];[9560000, 5530000, 4720000, 3780000, 3040000, 580000];['Morales', 'Rakitic', 'Koke', 'Darder', 'Casemiro', 'Portillo'];2290.0;55610000
59;[193.0, 122.0, 143.0, 125.0];[6390000, 3240000, 1990000, 1190000];['Jesús Navas', 'Varane', 'Miramón', 'Carriço'];[263.0, 209.0, 136.0];[10710000, 6440000, 3150000];['Benzema', 'Jaime Mata', 'Gameiro'];[167.0];[4720000];['Ter Stegen'];[195.0, 194.0, 174.0, 176.0, 104.0, 96.0];[5530000, 4200000, 3360000, 3210000, 990000, 620000];['Rakitic', 'Campaña', 'Vidal', 'Alcaraz', 'Lucas Vázquez', 'Beñat'];2297.0;55740000
60;[170.0, 154.0, 119.0, 84.0];[3330000, 3130000, 900000, 270000];['Laguardia', 'Hugo Mallo', 'Sergi Gómez', 'Toño García'];[246.0, 209.0, 99.0];[8320000, 6440000, 1180000];['Ben Yedder', 'Jaime Mata', 'Mayoral'];[114.0];[4110000];['Courtois'];[255.0, 221.0, 194.0, 127.0, 155.0, 83.0];[11420000, 9560000, 4200000, 3430000, 2790000, 210000];['Parejo', 'Morales', 'Campaña', 'Carlos Soler', 'Maksimovic', 'Vesga'];2230.0;59290000
61;[200.0, 174.0, 90.0, 62.0];[6880000, 2440000, 1340000, 150000];['Jordi Alba', 'Rubén Peña', 'Vezo', 'Juncà'];[262.0, 209.0, 76.0];[11740000, 6440000, 170000];['Luis Suárez', 'Jaime Mata', 'De Blasis'];[196.0];[6480000];['Oblak'];[215.0, 166.0, 201.0, 164.0, 84.0, 149.0];[6860000, 4720000, 4620000, 3080000, 1850000, 380000];['Cazorla', 'Koke', 'Jordan', 'Coutinho', 'Iborra', 'Moi Gómez'];2248.0;57150000
62;[200.0, 131.0, 94.0, 99.0];[6880000, 1940000, 1800000, 770000];['Jordi Alba', 'Pedraza', 'Diego Llorente', 'Héctor Moreno'];[246.0, 210.0, 179.0];[14610000, 8310000, 4670000];['Iago Aspas', 'Oyarzabal', 'Ezequiel Ávila'];[167.0];[4720000];['Ter Stegen'];[201.0, 153.0, 171.0, 127.0, 104.0, 100.0];[4620000, 3800000, 3780000, 1460000, 990000, 690000];['Jordan', 'Orellana', 'Darder', 'Rubén Pérez', 'Lucas Vázquez', 'Roque Mesa'];2182.0;59040000
63;[136.0, 141.0, 62.0, 126.0];[1670000, 1450000, 660000, 370000];['Kiko Olivas', 'Araujo', 'Savic', 'Antunes'];[428.0, 195.0, 179.0];[22790000, 6390000, 4670000];['Messi', 'Maxi Gómez', 'Ezequiel Ávila'];[157.0];[2560000];['Asenjo'];[127.0, 174.0, 108.0, 175.0, 118.0, 70.0];[3430000, 3360000, 3340000, 2590000, 2090000, 170000];['Carlos Soler', 'Vidal', 'Illarramendi', 'Joaquín', 'Pere Pons', 'Cáseres'];2196.0;55540000
64;[169.0, 79.0, 79.0, 81.0];[4540000, 3250000, 500000, 250000];['Gayà', 'Marcelo', 'Martín Aguirregabiria', 'Diakhaby'];[263.0, 239.0, 209.0];[10710000, 9660000, 7540000];['Benzema', 'Borja Iglesias', 'Williams'];[178.0];[3580000];['David Soria'];[201.0, 173.0, 176.0, 129.0, 152.0, 108.0];[4620000, 3570000, 3210000, 3020000, 2650000, 1300000];['Jordan', 'Marc Roca', 'Alcaraz', 'Mikel Merino', 'Thomas', 'Lobotka'];2236.0;58400000
65;[127.0, 118.0, 112.0, 125.0];[4020000, 3150000, 1300000, 1190000];['Carvajal', 'Junior Firpo', 'Zaldua', 'Carriço'];[428.0, 209.0, 136.0];[22790000, 6440000, 3150000];['Messi', 'Jaime Mata', 'Gameiro'];[148.0];[2200000];['Cuéllar'];[194.0, 136.0, 156.0, 151.0, 90.0, 68.0];[4200000, 3040000, 2790000, 1790000, 450000, 160000];['Campaña', 'Casemiro', 'Tello', 'Michel Herrero', 'Ferrán Torres', 'Víctor Sánchez'];2198.0;56670000
66;[166.0, 124.0, 125.0, 111.0];[3040000, 1850000, 1190000, 690000];['Calero', 'Bernardo', 'Carriço', 'Mario Gaspar'];[428.0, 244.0, 185.0];[22790000, 6560000, 2500000];['Messi', 'Jorge Molina', 'Charles'];[167.0];[4720000];['Ter Stegen'];[166.0, 153.0, 149.0, 93.0, 149.0, 56.0];[4720000, 3800000, 3440000, 410000, 380000, 150000];['Koke', 'Orellana', 'Busquets', 'Fran Beltrán', 'Moi Gómez', 'Anuar'];2316.0;56240000
67;[193.0, 125.0, 113.0, 77.0];[6390000, 1190000, 920000, 220000];['Jesús Navas', 'Carriço', 'Jason', 'Bruno González'];[428.0, 209.0, 166.0];[22790000, 6440000, 5200000];['Messi', 'Jaime Mata', 'Portu'];[148.0];[2200000];['Cuéllar'];[162.0, 176.0, 125.0, 104.0, 118.0, 81.0];[4120000, 3210000, 2240000, 760000, 660000, 290000];['Muniain', 'Alcaraz', 'William Carvalho', 'Rubén Pardo', 'Diop', 'Pione Sisto'];2225.0;56630000
68;[135.0, 112.0, 99.0, 106.0];[2900000, 1300000, 630000, 390000];['Wass', 'Zaldua', 'Sidnei', 'Dídac Vilà'];[428.0, 210.0, 169.0];[22790000, 8310000, 3520000];['Messi', 'Oyarzabal', 'Ekambi'];[167.0];[4720000];['Ter Stegen'];[195.0, 194.0, 123.0, 119.0, 100.0, 68.0];[5530000, 4200000, 1940000, 1140000, 690000, 160000];['Rakitic', 'Campaña', 'Coquelin', 'Zubeldia', 'Roque Mesa', 'Víctor Sánchez'];2225.0;58220000
69;[133.0, 166.0, 94.0, 122.0];[3220000, 3040000, 1800000, 1100000];['Iñigo Martínez', 'Calero', 'Diego Llorente', 'Ximo Navarro'];[210.0, 244.0, 209.0];[8310000, 6560000, 6440000];['Oyarzabal', 'Jorge Molina', 'Jaime Mata'];[196.0];[6480000];['Oblak'];[255.0, 149.0, 148.0, 123.0, 151.0, 133.0];[11420000, 3440000, 2320000, 1940000, 1790000, 1590000];['Parejo', 'Busquets', 'Óscar Rodríguez', 'Coquelin', 'Michel Herrero', 'Granero'];2333.0;59450000
70;[179.0, 166.0, 122.0, 77.0];[3200000, 2240000, 1100000, 220000];['Cote', 'Nacho Martínez', 'Ximo Navarro', 'Bruno González'];[244.0, 263.0, 185.0];[11150000, 10710000, 2500000];['Griezmann', 'Benzema', 'Charles'];[173.0];[3610000];['Pacheco'];[171.0, 174.0, 176.0, 137.0, 125.0, 113.0];[3780000, 3360000, 3210000, 2670000, 2240000, 1270000];['Darder', 'Vidal', 'Alcaraz', 'Franco Vázquez', 'William Carvalho', 'Guardado'];2305.0;51260000
71;[166.0, 124.0, 122.0, 84.0];[3040000, 1850000, 1100000, 270000];['Calero', 'Bernardo', 'Ximo Navarro', 'Toño García'];[106.0, 179.0, 161.0];[5040000, 4670000, 3100000];['Enric Gallego', 'Ezequiel Ávila', 'En-Nesyri'];[117.0];[1990000];['Rulli'];[255.0, 221.0, 215.0, 154.0, 176.0, 131.0];[11420000, 9560000, 6860000, 3420000, 3210000, 1850000];['Parejo', 'Morales', 'Cazorla', 'Saúl', 'Alcaraz', 'Ibai Gómez'];2211.0;57380000
72;[170.0, 153.0, 148.0, 125.0];[3330000, 2690000, 2240000, 1190000];['Laguardia', 'Cabrera', 'Yuri', 'Carriço'];[195.0, 165.0, 172.0];[6390000, 5000000, 3110000];['Maxi Gómez', 'Willian José', 'Sergi Enrich'];[70.0];[1260000];['Aitor Fernández'];[195.0, 201.0, 174.0, 107.0, 156.0, 175.0];[5530000, 4620000, 3360000, 2990000, 2790000, 2590000];['Rakitic', 'Jordan', 'Vidal', 'Arthur', 'Tello', 'Joaquín'];2206.0;47090000
73;[200.0, 133.0, 114.0, 126.0];[6880000, 3220000, 2980000, 370000];['Jordi Alba', 'Iñigo Martínez', 'Garay', 'Antunes'];[428.0, 244.0, 87.0];[22790000, 6560000, 220000];['Messi', 'Jorge Molina', 'Sobrino'];[150.0];[2810000];['Masip'];[178.0, 175.0, 138.0, 98.0, 104.0, 73.0];[4790000, 2590000, 2130000, 1130000, 990000, 590000];['Raúl García', 'Joaquín', 'Arambarri', 'Ceballos', 'Lucas Vázquez', 'Boudebouz'];2248.0;58050000
74;[153.0, 158.0, 143.0, 124.0];[2690000, 2340000, 1990000, 1850000];['Cabrera', 'Mandi', 'Miramón', 'Bernardo'];[262.0, 165.0, 161.0];[11740000, 5000000, 3100000];['Luis Suárez', 'Willian José', 'En-Nesyri'];[157.0];[2560000];['Asenjo'];[144.0, 178.0, 166.0, 174.0, 129.0, 87.0];[7950000, 4790000, 4720000, 3360000, 1110000, 330000];['Guedes', 'Raúl García', 'Koke', 'Vidal', 'Yokuslu', 'Zurutuza'];2201.0;53530000
75;[178.0, 152.0, 150.0, 82.0];[5620000, 2550000, 1890000, 720000];['Hermoso', 'Damián Suárez', 'Jonathan Silva', 'Capa'];[428.0, 126.0, 34.0];[22790000, 1840000, 1200000];['Messi', 'Bale', 'Sergio León'];[160.0];[2980000];['Diego López'];[201.0, 138.0, 149.0, 140.0, 164.0, 127.0];[4620000, 3590000, 3440000, 3250000, 3080000, 1460000];['Jordan', 'Kroos', 'Busquets', 'Cucurella', 'Coutinho', 'Rubén Pérez'];2229.0;59030000
76;[174.0, 100.0, 99.0, 104.0];[2440000, 950000, 630000, 290000];['Rubén Peña', 'Santiago Arias', 'Sidnei', 'Arbilla'];[428.0, 262.0, 114.0];[22790000, 11740000, 1010000];['Messi', 'Luis Suárez', 'Correa'];[173.0];[3610000];['Pacheco'];[163.0, 175.0, 119.0, 72.0, 104.0, 119.0];[5930000, 2590000, 1140000, 1070000, 990000, 610000];['Modric', 'Joaquín', 'Zubeldia', 'Inui', 'Lucas Vázquez', 'Manu García'];2206.0;55790000
77;[200.0, 123.0, 179.0, 148.0];[6880000, 3210000, 3200000, 2240000];['Jordi Alba', 'Sergi Roberto', 'Cote', 'Yuri'];[239.0, 157.0, 110.0];[9660000, 3440000, 2650000];['Borja Iglesias', 'Gerard Moreno', 'Juanmi'];[178.0];[3580000];['David Soria'];[215.0, 214.0, 194.0, 129.0, 109.0, 101.0];[6860000, 6630000, 4200000, 1110000, 750000, 580000];['Cazorla', 'Canales', 'Campaña', 'Yokuslu', 'Cheryshev', 'Portillo'];2296.0;54990000
78;[123.0, 158.0, 125.0, 95.0];[3210000, 2340000, 1190000, 850000];['Sergi Roberto', 'Mandi', 'Carriço', 'De Marcos'];[428.0, 126.0, 76.0];[22790000, 1260000, 170000];['Messi', 'Loren', 'De Blasis'];[148.0];[2200000];['Cuéllar'];[184.0, 194.0, 162.0, 173.0, 154.0, 150.0];[6330000, 4200000, 4120000, 3570000, 3420000, 3090000];['Lo Celso', 'Campaña', 'Muniain', 'Marc Roca', 'Saúl', 'Bardhi'];2296.0;58740000
79;[169.0, 117.0, 112.0, 55.0];[4540000, 1550000, 1300000, 150000];['Gayà', 'Aritz Elustondo', 'Zaldua', 'Roncaglia'];[244.0, 165.0, 169.0];[6560000, 5000000, 3520000];['Jorge Molina', 'Willian José', 'Ekambi'];[94.0];[1290000];['Herrerín'];[255.0, 144.0, 215.0, 201.0, 118.0, 69.0];[11420000, 7950000, 6860000, 4620000, 2090000, 550000];['Parejo', 'Guedes', 'Cazorla', 'Jordan', 'Pere Pons', 'Vitolo'];2127.0;57400000
80;[169.0, 111.0, 120.0, 76.0];[4540000, 3330000, 1820000, 330000];['Gayà', 'Giménez', 'Yeray', 'Jaume Costa'];[262.0, 166.0, 172.0];[11740000, 5200000, 3210000];['Luis Suárez', 'Portu', 'Ángel Rodríguez'];[196.0];[6480000];['Oblak'];[214.0, 171.0, 173.0, 118.0, 155.0, 133.0];[6630000, 3780000, 3570000, 3000000, 2790000, 1660000];['Canales', 'Darder', 'Marc Roca', 'Lemar', 'Maksimovic', 'Escalante'];2236.0;58080000
81;[127.0, 170.0, 115.0, 122.0];[4020000, 3330000, 3230000, 1100000];['Carvajal', 'Laguardia', 'Lenglet', 'Ximo Navarro'];[263.0, 188.0, 161.0];[10710000, 7850000, 3100000];['Benzema', 'Rodrigo', 'En-Nesyri'];[117.0];[1990000];['Rulli'];[214.0, 173.0, 150.0, 176.0, 137.0, 129.0];[6630000, 3570000, 3230000, 3210000, 2670000, 1110000];['Canales', 'Marc Roca', 'Melendo', 'Alcaraz', 'Franco Vázquez', 'Yokuslu'];2242.0;55750000
82;[145.0, 153.0, 90.0, 88.0];[3070000, 2690000, 1340000, 770000];['Djené', 'Cabrera', 'Vezo', 'Feddal'];[428.0, 244.0, 157.0];[22790000, 6560000, 3440000];['Messi', 'Jorge Molina', 'Gerard Moreno'];[178.0];[3580000];['David Soria'];[201.0, 173.0, 154.0, 176.0, 73.0, 60.0];[4620000, 3570000, 3420000, 3210000, 590000, 290000];['Jordan', 'Marc Roca', 'Saúl', 'Alcaraz', 'Boudebouz', 'Recio'];2320.0;59940000
83;[127.0, 135.0, 103.0, 111.0];[4020000, 2900000, 1830000, 690000];['Carvajal', 'Wass', 'Nelson Semedo', 'Mario Gaspar'];[428.0, 161.0, 126.0];[22790000, 3100000, 1840000];['Messi', 'En-Nesyri', 'Bale'];[173.0];[3610000];['Pacheco'];[162.0, 129.0, 156.0, 155.0, 175.0, 138.0];[4120000, 3020000, 2790000, 2790000, 2590000, 2130000];['Muniain', 'Mikel Merino', 'Tello', 'Maksimovic', 'Joaquín', 'Arambarri'];2279.0;58220000
84;[148.0, 131.0, 85.0, 68.0];[2240000, 1940000, 480000, 150000];['Yuri', 'Pedraza', 'Javi López', 'Postigo'];[428.0, 179.0, 134.0];[22790000, 3990000, 1490000];['Messi', 'Dembélé', 'Enes Ünal'];[117.0];[1990000];['Rulli'];[184.0, 174.0, 154.0, 152.0, 175.0, 65.0];[6330000, 3360000, 3170000, 2650000, 2590000, 160000];['Lo Celso', 'Vidal', 'Brais Méndez', 'Thomas', 'Joaquín', 'Hernán Pérez'];2194.0;53330000
85;[178.0, 158.0, 112.0, 76.0];[5620000, 2340000, 1300000, 330000];['Hermoso', 'Mandi', 'Zaldua', 'Jaume Costa'];[209.0, 195.0, 166.0];[6440000, 6390000, 5200000];['Jaime Mata', 'Maxi Gómez', 'Portu'];[114.0];[4110000];['Courtois'];[214.0, 184.0, 150.0, 176.0, 154.0, 101.0];[6630000, 6330000, 3230000, 3210000, 3170000, 580000];['Canales', 'Lo Celso', 'Melendo', 'Alcaraz', 'Brais Méndez', 'Portillo'];2187.0;54880000
86;[158.0, 153.0, 124.0, 105.0];[2980000, 2690000, 1850000, 510000];['Siovas', 'Cabrera', 'Bernardo', 'Kjaer'];[428.0, 136.0, 140.0];[22790000, 3150000, 1190000];['Messi', 'Gameiro', 'Óscar Plano'];[173.0];[3610000];['Pacheco'];[201.0, 173.0, 127.0, 140.0, 175.0, 119.0];[4620000, 3570000, 3430000, 2880000, 2590000, 610000];['Jordan', 'Marc Roca', 'Carlos Soler', 'Rochina', 'Joaquín', 'Manu García'];2352.0;56470000
87;[169.0, 127.0, 145.0, 114.0];[4540000, 4020000, 3070000, 750000];['Gayà', 'Carvajal', 'Djené', 'Rubén Duarte'];[210.0, 209.0, 244.0];[8310000, 7540000, 6560000];['Oyarzabal', 'Williams', 'Jorge Molina'];[173.0];[3610000];['Pacheco'];[201.0, 127.0, 174.0, 93.0, 140.0, 98.0];[4620000, 3430000, 3360000, 3050000, 2880000, 1130000];['Jordan', 'Carlos Soler', 'Vidal', 'Kondogbia', 'Rochina', 'Ceballos'];2224.0;56870000
88;[179.0, 166.0, 119.0, 99.0];[3200000, 3040000, 900000, 770000];['Cote', 'Calero', 'Sergi Gómez', 'Héctor Moreno'];[262.0, 244.0, 161.0];[11740000, 6560000, 3100000];['Luis Suárez', 'Jorge Molina', 'En-Nesyri'];[196.0];[6480000];['Oblak'];[255.0, 166.0, 176.0, 125.0, 73.0, 54.0];[11420000, 4720000, 3210000, 2240000, 590000, 390000];['Parejo', 'Koke', 'Alcaraz', 'William Carvalho', 'Boudebouz', 'Fede Valverde'];2275.0;58360000
89;[179.0, 153.0, 148.0, 133.0];[3200000, 2690000, 2240000, 1840000];['Cote', 'Cabrera', 'Yuri', 'Funes Mori'];[428.0, 136.0, 134.0];[22790000, 3840000, 1490000];['Messi', 'Santi Mina', 'Enes Ünal'];[150.0];[2810000];['Masip'];[153.0, 129.0, 118.0, 175.0, 96.0, 81.0];[3800000, 3020000, 3000000, 2590000, 620000, 290000];['Orellana', 'Mikel Merino', 'Lemar', 'Joaquín', 'Beñat', 'Pione Sisto'];2213.0;54220000
90;[200.0, 158.0, 113.0, 126.0];[6880000, 2980000, 920000, 370000];['Jordi Alba', 'Siovas', 'Jason', 'Antunes'];[428.0, 118.0, 140.0];[22790000, 1500000, 1190000];['Messi', 'Bacca', 'Óscar Plano'];[94.0];[1290000];['Herrerín'];[221.0, 178.0, 117.0, 151.0, 125.0, 70.0];[9560000, 4790000, 2810000, 1790000, 1570000, 170000];['Morales', 'Raúl García', 'Banega', 'Michel Herrero', 'Tomás Pina', 'Cáseres'];2239.0;58610000
91;[227.0, 158.0, 133.0, 82.0];[8360000, 2340000, 1840000, 720000];['Piqué', 'Mandi', 'Funes Mori', 'Capa'];[263.0, 209.0, 172.0];[10710000, 6440000, 3210000];['Benzema', 'Jaime Mata', 'Ángel Rodríguez'];[148.0];[2200000];['Cuéllar'];[255.0, 138.0, 140.0, 151.0, 80.0, 52.0];[11420000, 5080000, 2880000, 1790000, 1270000, 150000];['Parejo', 'Chukwueze', 'Rochina', 'Michel Herrero', 'Trigueros', 'Córdoba'];2208.0;58410000
92;[169.0, 174.0, 143.0, 136.0];[4540000, 2440000, 1990000, 1670000];['Gayà', 'Rubén Peña', 'Miramón', 'Kiko Olivas'];[428.0, 209.0, 185.0];[22790000, 6440000, 2500000];['Messi', 'Jaime Mata', 'Charles'];[70.0];[1260000];['Aitor Fernández'];[171.0, 173.0, 154.0, 156.0, 125.0, 82.0];[3780000, 3570000, 3420000, 2790000, 1570000, 170000];['Darder', 'Marc Roca', 'Saúl', 'Tello', 'Tomás Pina', 'San José'];2375.0;58930000
93;[127.0, 141.0, 88.0, 55.0];[4020000, 1450000, 770000, 150000];['Carvajal', 'Araujo', 'Feddal', 'Roncaglia'];[428.0, 263.0, 155.0];[22790000, 10710000, 1890000];['Messi', 'Benzema', 'Roger'];[178.0];[3580000];['David Soria'];[201.0, 150.0, 118.0, 113.0, 109.0, 83.0];[4620000, 3230000, 3000000, 1270000, 750000, 210000];['Jordan', 'Melendo', 'Lemar', 'Guardado', 'Cheryshev', 'Vesga'];2209.0;58440000
94;[227.0, 174.0, 131.0, 105.0];[8360000, 2440000, 1940000, 510000];['Piqué', 'Rubén Peña', 'Pedraza', 'Kjaer'];[209.0, 195.0, 179.0];[6440000, 6390000, 3990000];['Jaime Mata', 'Maxi Gómez', 'Dembélé'];[106.0];[2220000];['Dmitrovic'];[221.0, 184.0, 174.0, 127.0, 108.0, 109.0];[9560000, 6330000, 3360000, 1460000, 1300000, 1130000];['Morales', 'Lo Celso', 'Vidal', 'Rubén Pérez', 'Lobotka', 'Toni Villa'];2249.0;55430000
95;[178.0, 115.0, 125.0, 106.0];[5620000, 3230000, 1190000, 390000];['Hermoso', 'Lenglet', 'Carriço', 'Dídac Vilà'];[428.0, 209.0, 126.0];[22790000, 7540000, 1260000];['Messi', 'Williams', 'Loren'];[106.0];[2220000];['Dmitrovic'];[173.0, 152.0, 125.0, 151.0, 101.0, 149.0];[3570000, 2650000, 2240000, 1790000, 580000, 380000];['Marc Roca', 'Thomas', 'William Carvalho', 'Michel Herrero', 'Portillo', 'Moi Gómez'];2244.0;55450000
96;[193.0, 169.0, 122.0, 126.0];[6390000, 4540000, 3240000, 370000];['Jesús Navas', 'Gayà', 'Varane', 'Antunes'];[263.0, 166.0, 165.0];[10710000, 5200000, 5000000];['Benzema', 'Portu', 'Willian José'];[148.0];[2200000];['Cuéllar'];[214.0, 166.0, 153.0, 125.0, 123.0, 118.0];[6630000, 4720000, 3800000, 2240000, 1940000, 660000];['Canales', 'Koke', 'Orellana', 'William Carvalho', 'Coquelin', 'Diop'];2251.0;57640000
97;[170.0, 166.0, 136.0, 113.0];[3330000, 2240000, 1670000, 920000];['Laguardia', 'Nacho Martínez', 'Kiko Olivas', 'Jason'];[244.0, 246.0, 140.0];[11150000, 8320000, 1190000];['Griezmann', 'Ben Yedder', 'Óscar Plano'];[106.0];[2220000];['Dmitrovic'];[255.0, 144.0, 150.0, 175.0, 109.0, 104.0];[11420000, 7950000, 3230000, 2590000, 1130000, 760000];['Parejo', 'Guedes', 'Melendo', 'Joaquín', 'Toni Villa', 'Rubén Pardo'];2258.0;58120000
98;[111.0, 166.0, 124.0, 95.0];[3330000, 3040000, 1850000, 850000];['Giménez', 'Calero', 'Bernardo', 'De Marcos'];[428.0, 209.0, 140.0];[22790000, 7540000, 1190000];['Messi', 'Williams', 'Óscar Plano'];[157.0];[2560000];['Asenjo'];[195.0, 173.0, 150.0, 131.0, 109.0, 90.0];[5530000, 3570000, 3090000, 1850000, 1130000, 450000];['Rakitic', 'Marc Roca', 'Bardhi', 'Ibai Gómez', 'Toni Villa', 'Ferrán Torres'];2278.0;58770000
99;[154.0, 150.0, 109.0, 99.0];[3130000, 1890000, 1280000, 630000];['Hugo Mallo', 'Jonathan Silva', 'Coke', 'Sidnei'];[428.0, 263.0, 126.0];[22790000, 10710000, 1260000];['Messi', 'Benzema', 'Loren'];[167.0];[4720000];['Ter Stegen'];[100.0, 117.0, 155.0, 137.0, 123.0, 104.0];[3050000, 2810000, 2790000, 2670000, 1940000, 300000];['Isco', 'Banega', 'Maksimovic', 'Franco Vázquez', 'Coquelin', 'Wakaso'];2232.0;59970000
